cID,cDescription,pState,jvPartner,spreadChoice,prepayPrice,dateScreen,perFee,PODPrice,prepayPriceYr1,prepayPriceYr2,prepayPriceYr3,prepayPriceYr4,prepayPriceYr5,prepayPriceYr6,prepayPriceYr7,prepayPriceYr8,prepayPriceYr9,prepayPriceYr10,PODPriceYr1,PODPriceYr2,PODPriceYr3,PODPriceYr4,PODPriceYr5,PODPriceYr6,PODPriceYr7,PODPriceYr8,PODPriceYr9,PODPriceYr10,SalesPriceYr1,SalesPriceYr2,SalesPriceYr3,SalesPriceYr4,SalesPriceYr5,SalesPriceYr6,SalesPriceYr7,SalesPriceYr8,SalesPriceYr9,SalesPriceYr10,prepayAndOptionYr1,prepayAndOptionYr2,prepayAndOptionYr3,prepayAndOptionYr4,feeYr1,feeYr2,feeYr3,feeYr4,feeYr5,feeYr6,feeYr7,feeYr8,feeYr9,feeYr10,underNegotiation,description,techFundPrice,risklessRate,spreadAAA,adjFactor,simulationName,offYr1,offYr2,offYr3,offYr4,offYr5,offYr6,offYr7,offYr8,offYr9,cLength,offYr10,ovRating,totalShortfall,firmERYr1,ROFRtoBuyerYr1,firmERYr2,ROFRtoBuyerYr2,firmERYr3,ROFRtoBuyerYr3,firmERYr4,ROFRtoBuyerYr4,firmERYr5,ROFRtoBuyerYr5,firmERYr6,ROFRtoBuyerYr6,firmERYr7,ROFRtoBuyerYr7,firmERYr8,ROFRtoBuyerYr8,firmERYr9,ROFRtoBuyerYr9,firmERYr10,ROFRtoBuyerYr10,DiscCorpContract,TopDiscRate,BottomDiscRate,TopRAPrice,BottomRAPrice,PrepayVol30Yr1,PrepayVol30Yr2,PrepayVol30Yr3,PrepayVol30Yr4,PrepayVol30Yr5,PrepayVol30Yr6,PrepayVol30Yr7,PrepayVol30Yr8,PrepayVol30Yr9,PrepayVol30Yr10,PODVol30Yr1,PODVol30Yr2,PODVol30Yr3,PODVol30Yr4,PODVol30Yr5,PODVol30Yr6,PODVol30Yr7,PODVol30Yr8,PODVol30Yr9,PODVol30Yr10,PODPayment30Yr1,PODPayment30Yr2,PODPayment30Yr3,PODPayment30Yr4,PODPayment30Yr5,PODPayment30Yr6,PODPayment30Yr7,PODPayment30Yr8,PODPayment30Yr9,PODPayment30Yr10,AvgCostTon30Yr1,AvgCostTon30Yr2,AvgCostTon30Yr3,AvgCostTon30Yr4,AvgCostTon30Yr5,AvgCostTon30Yr6,AvgCostTon30Yr7,AvgCostTon30Yr8,AvgCostTon30Yr9,AvgCostTon30Yr10,PrepayPayment30Yr1,PrepayPayment30Yr2,PrepayPayment30Yr3,PrepayPayment30Yr4,PrepayPayment30Yr5,PrepayPayment30Yr6,PrepayPayment30Yr7,PrepayPayment30Yr8,PrepayPayment30Yr9,PrepayPayment30Yr10,PrepayVol50Yr1,PrepayVol50Yr2,PrepayVol50Yr3,PrepayVol50Yr4,PrepayVol50Yr5,PrepayVol50Yr6,PrepayVol50Yr7,PrepayVol50Yr8,PrepayVol50Yr9,PrepayVol50Yr10,PODVol50Yr1,PODVol50Yr2,PODVol50Yr3,PODVol50Yr4,PODVol50Yr5,PODVol50Yr6,PODVol50Yr7,PODVol50Yr8,PODVol50Yr9,PODVol50Yr10,PODPayment50Yr1,PODPayment50Yr2,PODPayment50Yr3,PODPayment50Yr4,PODPayment50Yr5,PODPayment50Yr6,PODPayment50Yr7,PODPayment50Yr8,PODPayment50Yr9,PODPayment50Yr10,AvgCostTon50Yr1,AvgCostTon50Yr2,AvgCostTon50Yr3,AvgCostTon50Yr4,AvgCostTon50Yr5,AvgCostTon50Yr6,AvgCostTon50Yr7,AvgCostTon50Yr8,AvgCostTon50Yr9,AvgCostTon50Yr10,PrepayPayment50Yr1,PrepayPayment50Yr2,PrepayPayment50Yr3,PrepayPayment50Yr4,PrepayPayment50Yr5,PrepayPayment50Yr6,PrepayPayment50Yr7,PrepayPayment50Yr8,PrepayPayment50Yr9,PrepayPayment50Yr10,CashFlow30Yr1,CashFlow50Yr1,CashFlow30Yr2,CashFlow50Yr2,CashFlow30Yr3,CashFlow50Yr3,CashFlow30Yr4,CashFlow50Yr4,CashFlow30Yr5,CashFlow50Yr5,CashFlow30Yr6,CashFlow50Yr6,CashFlow30Yr7,CashFlow50Yr7,CashFlow30Yr8,CashFlow50Yr8,CashFlow30Yr9,CashFlow50Yr9,CashFlow30Yr10,CashFlow50Yr10,IRR30,IRR50
30,Test Description,Test State,Test Partner,Industrials,100.0,2025-04-07,0.5,1.0,10.0,20.0,30.0,40.0,50.0,60.0,70.0,80.0,90.0,100.0,1.0,2.0,3.0,4.0,5.0,6.0,7.0,8.0,9.0,10.0,15.0,20.0,25.0,30.0,35.0,40.0,45.0,50.0,55.0,60.0,5.0,10.0,15.0,20.0,1.0,2.0,3.0,4.0,5.0,6.0,7.0,8.0,9.0,10.0,TRUE,5 Year US Treasuries Assumptions,15.0,0.12,0.1,0.0,CE-INTERFOR,3750.0,3750.0,3750.0,3750.0,3750.0,0.0,0.0,0.0,0.0,5,0.0,Investment,0.05374,3548.475,201.5250000000001,3548.475,201.5250000000001,3548.475,201.5250000000001,3548.475,201.5250000000001,3548.475,201.5250000000001,0.0,0.0,0.0,0.0,0.0,0.0,0.0,0.0,0.0,0.0,0.22,0.44,1,14.67,14.27,1596.8137499999998,0.0,0,0,0,0,0,0,0,0,19516.612500000003,3548.475,3548.475,3548.475,3548.475,0.0,0.0,0.0,0,0,19516.612500000003,7096.95,10645.425,14193.9,17742.375,0.0,0.0,0.0,0,0,10.0,2.0,3.0,4.0,5.0,0.0,0.0,0.0,0,0,15968.137499999999,0.0,0,0,0,0,0,0,0,0,2661.35625,0.0,0,0,0,0,0,0,0,0,8871.1875,3548.475,3548.475,3548.475,3548.475,0.0,0.0,0.0,0,0,8871.1875,7096.95,10645.425,14193.9,17742.375,0.0,0.0,0.0,0,0,10.0,2.0,3.0,4.0,5.0,0.0,0.0,0.0,0,0,26613.5625,0.0,0,0,0,0,0,0,0,0,33704.51,44349.93,63865.55,63865.55,78058.46,78058.46,92256.35,92256.35,112495.0,112495.0,,,,,,,,,,,1.0,1.0
31,Kruger Desc,Kruger State,Kruger Partner,Utilities,200.0,2025-04-07,0.75,1.5,15.0,25.0,35.0,45.0,55.0,65.0,75.0,85.0,95.0,105.0,2.0,3.0,4.0,5.0,6.0,7.0,8.0,9.0,10.0,11.0,20.0,25.0,30.0,35.0,40.0,45.0,50.0,55.0,60.0,65.0,10.0,15.0,20.0,25.0,2.0,3.0,4.0,5.0,6.0,7.0,8.0,9.0,10.0,11.0,FALSE,10 Year US Treasuries Assumptions,15.0,2.7,0.25,0.0,CE-KRUGER,2571.0,2571.0,2571.0,2571.0,2571.0,2571.0,2571.0,2574.0,0.0,8,0.0,Investment,0.0084,2549.4036,21.596399999999903,2549.4036,21.596399999999903,2549.4036,21.596399999999903,2549.4036,21.596399999999903,2549.4036,21.596399999999903,2549.4036,21.596399999999903,2549.4036,21.596399999999903,2552.3784,21.621599999999944,0.0,0.0,0.0,0.0,2.95,1.0,1,13.85,13.85,2244.010632,0.0,0,0,0,0,0,0,0,0,2290.447260000001,2549.4036,2549.4036,2549.4036,2549.4036,2549.4036,2549.4036,2552.3784,0,0,4580.894520000002,7648.210800000001,10197.6144,12747.018,15296.421600000001,17845.8252,20395.2288,22971.405600000002,0,0,15.000000000000002,3.0,4.0,5.0,6.0,6.999999999999999,8.0,9.0,0,0,33660.15948,0.0,0,0,0,0,0,0,0,0,2549.4036,714.3684719999999,0,0,0,0,0,0,0,0,0.0,15291.9594,2549.4036,2549.4036,2549.4036,2549.4036,2549.4036,2552.3784,0,0,0.0,45875.8782,10197.6144,12747.018,15296.421600000001,17845.8252,20395.2288,22971.405600000002,0,0,0.0,24.999999999999996,4.0,5.0,6.0,6.999999999999999,8.0,9.0,0,0,38241.054000000004,17859.211799999997,0,0,0,0,0,0,0,0,46395.18,50976.07,56073.88,17846.21,66270.5,66270.5,76477.11,76477.11,86673.72,86673.72,96870.33,96870.33,107066.95,107066.95,118395.0,118395.0,,,,,1.0,0.93
32,Anhui Desc,Anhui State,Anhui Partner,Banks,300.0,2025-04-07,1.0,2.0,20.0,30.0,40.0,50.0,60.0,70.0,80.0,90.0,100.0,110.0,3.0,4.0,5.0,6.0,7.0,8.0,9.0,10.0,11.0,12.0,25.0,30.0,35.0,40.0,45.0,50.0,55.0,60.0,65.0,70.0,15.0,20.0,25.0,30.0,3.0,4.0,5.0,6.0,7.0,8.0,9.0,10.0,11.0,12.0,TRUE,5 Year US Treasuries Assumptions,15.0,0.12,0.1,0.0,CE-ANHUI,36357.0,36357.0,36357.0,36357.0,0.0,0.0,0.0,0.0,0.0,4,0.0,Speculative,0.77305,8251.22115,28105.778850000002,8251.22115,28105.778850000002,8251.22115,28105.778850000002,8251.22115,28105.778850000002,0.0,0.0,0.0,0.0,0.0,0.0,0.0,0.0,0.0,0.0,0.0,0.0,0.22,1.0,1,14.41,14.41,2227.8297104999997,0.0,0,0,0,0,0,0,0,0,40155.94293,8251.22115,8251.22115,8251.22115,0.0,0.0,0.0,0.0,0,0,120467.82878999999,33004.8846,41256.105749999995,49507.3269,0.0,0.0,0.0,0.0,0,0,20.0,4.0,5.0,6.0,0.0,0.0,0.0,0.0,0,0,44556.594209999996,0.0,0,0,0,0,0,0,0,0,3713.0495174999996,0.0,0,0,0,0,0,0,0,0,30254.477549999996,8251.22115,8251.22115,8251.22115,0.0,0.0,0.0,0.0,0,0,90763.43264999999,33004.8846,41256.105749999995,49507.3269,0.0,0.0,0.0,0.0,0,0,20.0,4.0,5.0,6.0,0.0,0.0,0.0,0.0,0,0,74260.99035,0.0,0,0,0,0,0,0,0,0,85794.7,115499.1,214512.75,214512.75,247516.63,247516.63,1236132.0,1236132.0,,,,,,,,,,,,,1.0,1.0
33,SHAAXI Description,SHAAXI State,SHAAXI Partner,Transportation,400.0,2025-04-07,1.25,2.5,25.0,35.0,45.0,55.0,65.0,75.0,85.0,95.0,105.0,115.0,4.0,5.0,6.0,7.0,8.0,9.0,10.0,11.0,12.0,13.0,30.0,35.0,40.0,45.0,50.0,55.0,60.0,65.0,70.0,75.0,20.0,25.0,30.0,35.0,4.0,5.0,6.0,7.0,8.0,9.0,10.0,11.0,12.0,13.0,FALSE,10 Year US Treasuries Assumptions,15.0,2.7,0.25,0.0,CE-SHAANXI,21937.0,21937.0,0.0,0.0,0.0,0.0,0.0,0.0,0.0,2,0.0,Investment,0.10885,19549.15755,2387.84245,19549.15755,2387.84245,0.0,0.0,0.0,0.0,0.0,0.0,0.0,0.0,0.0,0.0,0.0,0.0,0.0,0.0,0.0,0.0,2.95,1.0,1,14.7,14.7,2111.3090154,0.0,0,0,0,0,0,0,0,0,108986.55334125,19549.15755,0.0,0.0,0.0,0.0,0.0,0.0,0,0,435946.213365,97745.78775,0.0,0.0,0.0,0.0,0.0,0.0,0,0,25.0,5.0,0.0,0.0,0.0,0.0,0.0,0.0,0,0,52782.725385,0.0,0,0,0,0,0,0,0,0,3518.848359,0.0,0,0,0,0,0,0,0,0,100189.43244374999,19549.15755,0.0,0.0,0.0,0.0,0.0,0.0,0,0,400757.72977499996,97745.78775,0.0,0.0,0.0,0.0,0.0,0.0,0,0,25.0,5.0,0.0,0.0,0.0,0.0,0.0,0.0,0,0,87971.208975,0.0,0,0,0,0,0,0,0,0,150504.51999999996,185693.0,658105.0,658105.0,,,,,,,,,,,,,,,,,1.0,1.0
34,North China Description,North China State,North China Partner,Financials,500.0,2025-04-07,1.5,3.0,30.0,40.0,50.0,60.0,70.0,80.0,90.0,100.0,110.0,120.0,5.0,6.0,7.0,8.0,9.0,10.0,11.0,12.0,13.0,14.0,35.0,40.0,45.0,50.0,55.0,60.0,65.0,70.0,75.0,80.0,25.0,30.0,35.0,40.0,5.0,6.0,7.0,8.0,9.0,10.0,11.0,12.0,13.0,14.0,TRUE,10 Year US Treasuries Assumptions,15.0,2.7,0.25,0.0,CE-NORTHCHINA,45540.0,45541.0,0.0,0.0,0.0,0.0,0.0,0.0,0.0,2,0.0,Investment,0.10545,40737.807,4802.192999999999,40738.70155,4802.298450000002,0.0,0.0,0.0,0.0,0.0,0.0,0.0,0.0,0.0,0.0,0.0,0.0,0.0,0.0,0.0,0.0,2.95,1.0,1,14.7,14.7,4481.212442999999,0.0,0,0,0,0,0,0,0,0,217539.567342,40738.70155,0.0,0.0,0.0,0.0,0.0,0.0,0,0,1087697.83671,244432.2093,0.0,0.0,0.0,0.0,0.0,0.0,0,0,30.0,6.0,0.0,0.0,0.0,0.0,0.0,0.0,0,0,134436.37329,0.0,0,0,0,0,0,0,0,0,7468.687405000001,0.0,0,0,0,0,0,0,0,0,199614.71757,40738.70155,0.0,0.0,0.0,0.0,0.0,0.0,0,0,998073.58785,244432.2093,0.0,0.0,0.0,0.0,0.0,0.0,0,0,30.0,6.0,0.0,0.0,0.0,0.0,0.0,0.0,0,0,224060.62215,0.0,0,0,0,0,0,0,0,0,338095.4099999999,427719.66000000003,1548388.0,1548388.0,,,,,,,,,,,,,,,,,1.0,1.0
35,SimTestProject,Sim State,Sim Partner,Industrials,150.0,2025-04-07,0.6,1.2,12.0,22.0,32.0,42.0,52.0,62.0,72.0,82.0,92.0,102.0,1.2,2.2,3.2,4.2,5.2,6.2,7.2,8.2,9.2,10.2,16.0,21.0,26.0,31.0,36.0,41.0,46.0,51.0,56.0,61.0,6.0,11.0,16.0,21.0,1.2,2.2,3.2,4.2,5.2,6.2,7.2,8.2,9.2,10.2,FALSE,5 Year US Treasuries Assumptions,15.0,0.12,0.1,0.0,TP1,16000.0,16000.0,16000.0,16000.0,16000.0,16000.0,16000.0,16000.0,0.0,8,0.0,Speculative,0.865915,2145.36,13854.64,2145.36,13854.64,2145.36,13854.64,2145.36,13854.64,2145.36,13854.64,2145.36,13854.64,2145.36,13854.64,2145.36,13854.64,0.0,0.0,0.0,0.0,0.22,1.0,1,13.85,13.85,2016.6384,0.0,0,0,0,0,0,0,0,0,1287.2159999999985,2145.36,2145.36,2145.36,2145.36,2145.36,2145.36,2145.36,0,0,1544.6591999999982,4719.792,6865.152000000001,9010.512,11155.872000000001,13301.232000000002,15446.592,17591.952,0,0,12.0,2.2,3.2,4.2,5.2,6.2,7.2,8.2,0,0,24199.6608,0.0,0,0,0,0,0,0,0,0,2145.36,663.1112727272729,0,0,0,0,0,0,0,0,0.0,14822.487272727272,2145.36,2145.36,2145.36,2145.36,2145.36,2145.36,0,0,0.0,32609.472,6865.152000000001,9010.512,11155.872000000001,13301.232000000002,15446.592,17591.952,0,0,0.0,22.0,3.2,4.2,5.2,6.2,7.2,8.2,0,0,25744.32,14588.448000000004,0,0,0,0,0,0,0,0,32773.9,34318.560000000005,40324.57,12434.89,48905.01,48905.01,57491.450000000004,57491.450000000004,66071.89000000001,66071.89000000001,74652.32999999999,74652.32999999999,83232.76999999999,83232.76999999999,684791.8,684791.8,,,,,1.0,1.0
36,CE-INTERFOR-Sim,Interfor State,Interfor Partner,Utilities,250.0,2025-04-07,0.8,1.6,18.0,28.0,38.0,48.0,58.0,68.0,78.0,88.0,98.0,108.0,2.5,3.5,4.5,5.5,6.5,7.5,8.5,9.5,10.5,11.5,26.0,31.0,36.0,41.0,46.0,51.0,56.0,61.0,66.0,71.0,11.0,16.0,21.0,26.0,2.5,3.5,4.5,5.5,6.5,7.5,8.5,9.5,10.5,11.5,TRUE,10 Year US Treasuries Assumptions,15.0,2.7,0.25,0.0,CE-INTERFOR,3750.0,3750.0,3750.0,3750.0,3750.0,0.0,0.0,0.0,0.0,5,0.0,Investment,0.05374,3548.475,201.5250000000001,3548.475,201.5250000000001,3548.475,201.5250000000001,3548.475,201.5250000000001,3548.475,201.5250000000001,0.0,0.0,0.0,0.0,0.0,0.0,0.0,0.0,0.0,0.0,2.95,1.0,1,14.27,14.27,1330.678125,0.0,0,0,0,0,0,0,0,0,15968.1375,3548.475,3548.475,3548.475,3548.475,0.0,0.0,0.0,0,0,39920.34375,12419.6625,15968.137499999999,19516.6125,23065.087499999998,0.0,0.0,0.0,0,0,18.0,3.5,4.5,5.5,6.499999999999999,0.0,0.0,0.0,0,0,23952.20625,0.0,0,0,0,0,0,0,0,0,2217.796875,0.0,0,0,0,0,0,0,0,0,9580.882499999998,3548.475,3548.475,3548.475,3548.475,0.0,0.0,0.0,0,0,23952.206249999996,12419.6625,15968.137499999999,19516.6125,23065.087499999998,0.0,0.0,0.0,0,0,18.0,3.5,4.5,5.5,6.499999999999999,0.0,0.0,0.0,0,0,39920.34375,0.0,0,0,0,0,0,0,0,0,52326.51000000001,68294.64000000001,97568.56,97568.56,111761.46,111761.46,125965.37000000001,125965.37000000001,148118.5,148118.5,,,,,,,,,,,1.0,1.0
37,CE-KRUGER-Sim,Kruger State,Kruger Partner,Banks,350.0,2025-04-07,1.0,2.0,22.0,32.0,42.0,52.0,62.0,72.0,82.0,92.0,102.0,112.0,3.0,4.0,5.0,6.0,7.0,8.0,9.0,10.0,11.0,12.0,30.0,35.0,40.0,45.0,50.0,55.0,60.0,65.0,70.0,75.0,15.0,20.0,25.0,30.0,3.0,4.0,5.0,6.0,7.0,8.0,9.0,10.0,11.0,12.0,FALSE,5 Year US Treasuries Assumptions,15.0,0.12,0.1,0.0,CE-KRUGER,2571.0,2571.0,2571.0,2571.0,2571.0,2571.0,2571.0,2574.0,0.0,8,0.0,Investment,0.0084,2549.4036,21.596399999999903,2549.4036,21.596399999999903,2549.4036,21.596399999999903,2549.4036,21.596399999999903,2549.4036,21.596399999999903,2549.4036,21.596399999999903,2549.4036,21.596399999999903,2552.3784,21.621599999999944,0.0,0.0,0.0,0.0,0.22,1.0,1,13.85,13.85,1808.1645709090908,0.0,0,0,0,0,0,0,0,0,5435.752880000003,2549.4036,2549.4036,2549.4036,2549.4036,2549.4036,2549.4036,2552.3784,0,0,16307.258640000007,10197.6144,12747.018,15296.421600000001,17845.8252,20395.2288,22944.632400000002,25523.784,0,0,22.0,4.0,5.0,6.0,6.999999999999999,8.0,9.0,10.0,0,0,39779.620559999996,0.0,0,0,0,0,0,0,0,0,2549.4036,319.14026249999984,0,0,0,0,0,0,0,0,0.0,17842.106700000004,2549.4036,2549.4036,2549.4036,2549.4036,2549.4036,2552.3784,0,0,0.0,71368.42680000002,12747.018,15296.421600000001,17845.8252,20395.2288,22944.632400000002,25523.784,0,0,0.0,32.00000000000001,5.0,6.0,6.999999999999999,8.0,9.0,10.0,0,0,56086.8792,10212.488399999995,0,0,0,0,0,0,0,0,60156.85,76464.11,79012.52,17841.70000000001,89209.12,89209.12,99420.74,99420.74,109617.34999999999,109617.34999999999,119813.97000000002,119813.97000000002,130010.59,130010.59,141560.0,141560.0,,,,,1.0,0.81
38,CE-MAYANG-Sim1,Mayang State,Mayang Partner,Transportation,150.0,2025-04-07,0.5,1.5,10.0,20.0,30.0,40.0,50.0,60.0,70.0,80.0,90.0,100.0,1.0,2.0,3.0,4.0,5.0,6.0,7.0,8.0,9.0,10.0,15.0,20.0,25.0,30.0,35.0,40.0,45.0,50.0,55.0,60.0,5.0,10.0,15.0,20.0,1.0,2.0,3.0,4.0,5.0,6.0,7.0,8.0,9.0,10.0,TRUE,5 Year US Treasuries Assumptions,15.0,0.12,0.1,0.0,CE-MAYANG,34170.0,34170.0,34170.0,34170.0,34171.0,0.0,0.0,0.0,0.0,5,0.0,Investment,0.22206,26582.2098,7587.7901999999995,26582.2098,7587.7901999999995,26582.2098,7587.7901999999995,26582.2098,7587.7901999999995,26582.98774,7588.0122599999995,0.0,0.0,0.0,0.0,0.0,0.0,0.0,0.0,0.0,0.0,0.22,0.77,1,14.44,14.27,11962.111100999999,0.0,0,0,0,0,0,0,0,0,146200.98699,26582.2098,26582.2098,26582.2098,26582.98774,0.0,0.0,0.0,0,0,146200.98699,53164.4196,79746.6294,106328.8392,132914.9387,0.0,0.0,0.0,0,0,10.0,2.0,3.0,4.0,5.0,0.0,0.0,0.0,0,0,119621.11101,0.0,0,0,0,0,0,0,0,0,19936.851835,0.0,0,0,0,0,0,0,0,0,66453.57965,26582.2098,26582.2098,26582.2098,26582.98774,0.0,0.0,0.0,0,0,66453.57965,53164.4196,79746.6294,106328.8392,132914.9387,0.0,0.0,0.0,0,0,10.0,2.0,3.0,4.0,5.0,0.0,0.0,0.0,0,0,199368.51835,0.0,0,0,0,0,0,0,0,0,252526.16000000003,332273.57,478472.77999999997,478472.77999999997,584800.61,584800.61,691133.4500000001,691133.4500000001,1025125.0,1025125.0,,,,,,,,,,,1.0,1.0
39,CE-HUNAN-Sim1,Hunan State,Hunan Partner,Financials,200.0,2025-04-07,0.6,1.8,12.0,22.0,32.0,42.0,52.0,62.0,72.0,82.0,92.0,102.0,1.2,2.2,3.2,4.2,5.2,6.2,7.2,8.2,9.2,10.2,16.0,21.0,26.0,31.0,36.0,41.0,46.0,51.0,56.0,61.0,6.0,11.0,16.0,21.0,1.2,2.2,3.2,4.2,5.2,6.2,7.2,8.2,9.2,10.2,FALSE,5 Year US Treasuries Assumptions,15.0,0.12,0.1,0.0,CE-HUNAN,34252.0,34252.0,34254.0,0.0,0.0,0.0,0.0,0.0,0.0,3,0.0,Speculative,0.945974,1850.4985520000007,32401.501448,1850.4985520000007,32401.501448,1850.6066040000007,32403.393396,0.0,0.0,0.0,0.0,0.0,0.0,0.0,0.0,0.0,0.0,0.0,0.0,0.0,0.0,0.22,1.0,1,14.56,14.56,305.3409052400001,0.0,0,0,0,0,0,0,0,0,15451.576467600005,1850.4985520000007,1850.6066040000007,0.0,0.0,0.0,0.0,0.0,0,0,18541.891761120005,4071.0968144000017,5921.941132800002,0.0,0.0,0.0,0.0,0.0,0,0,12.0,2.2,3.2,0.0,0.0,0.0,0.0,0.0,0,0,3664.090862880001,0.0,0,0,0,0,0,0,0,0,508.9015087333335,0.0,0,0,0,0,0,0,0,0,13415.97043266667,1850.4985520000007,1850.6066040000007,0.0,0.0,0.0,0.0,0.0,0,0,16099.164519200005,4071.0968144000017,5921.941132800002,0.0,0.0,0.0,0.0,0.0,0,0,12.0,2.2,3.2,0.0,0.0,0.0,0.0,0.0,0,0,6106.818104800002,0.0,0,0,0,0,0,0,0,0,11058.89,13501.619999999999,34781.17,34781.17,780988.0,780988.0,,,,,,,,,,,,,,,1.0,1.0
40,CE-HUBEIECO,Hubei State,Hubei Partner,Industrials,250.0,2025-04-07,0.7,2.0,15.0,25.0,35.0,45.0,55.0,65.0,75.0,85.0,95.0,105.0,2.0,3.0,4.0,5.0,6.0,7.0,8.0,9.0,10.0,11.0,20.0,25.0,30.0,35.0,40.0,45.0,50.0,55.0,60.0,65.0,10.0,15.0,20.0,25.0,2.0,3.0,4.0,5.0,6.0,7.0,8.0,9.0,10.0,11.0,TRUE,5 Year US Treasuries Assumptions,15.0,0.12,0.1,0.0,CE-HUBEIECO,57163.0,57163.0,57163.0,57163.0,57163.0,57163.0,0.0,0.0,0.0,6,0.0,Investment,0.257403,42449.072310999996,14713.927689000004,42449.072310999996,14713.927689000004,42449.072310999996,14713.927689000004,42449.072310999996,14713.927689000004,42449.072310999996,14713.927689000004,42449.072310999996,14713.927689000004,0.0,0.0,0.0,0.0,0.0,0.0,0.0,0.0,0.22,0.685,1,14.4,14.13,22922.49904794,0.0,0,0,0,0,0,0,0,0,146449.29947295,42449.072310999996,42449.072310999996,42449.072310999996,42449.072310999996,42449.072310999996,0.0,0.0,0,0,292898.5989459,127347.21693299999,169796.28924399999,212245.36155499998,254694.43386599998,297143.506177,0.0,0.0,0,0,15.0,3.0,4.0,5.0,6.0,7.000000000000001,0.0,0.0,0,0,343837.4857191,0.0,0,0,0,0,0,0,0,0,38204.1650799,0.0,0,0,0,0,0,0,0,0,31836.804233249975,42449.072310999996,42449.072310999996,42449.072310999996,42449.072310999996,42449.072310999996,0.0,0.0,0,0,63673.60846649995,127347.21693299999,169796.28924399999,212245.36155499998,254694.43386599998,297143.506177,0.0,0.0,0,0,15.0,3.0,4.0,5.0,6.0,7.000000000000001,0.0,0.0,0,0,573062.4761985,0.0,0,0,0,0,0,0,0,0,556070.85,785295.84,933866.5900000001,933866.5900000001,1103661.88,1103661.88,1273467.17,1273467.17,1443262.46,1443262.46,2172187.0,2172187.0,,,,,,,,,1.0,1.0
41,CE-YUCHENG,Yucheng State,Yucheng Partner,Utilities,300.0,2025-04-07,0.8,2.5,18.0,28.0,38.0,48.0,58.0,68.0,78.0,88.0,98.0,108.0,2.5,3.5,4.5,5.5,6.5,7.5,8.5,9.5,10.5,11.5,26.0,31.0,36.0,41.0,46.0,51.0,56.0,61.0,66.0,71.0,11.0,16.0,21.0,26.0,2.5,3.5,4.5,5.5,6.5,7.5,8.5,9.5,10.5,11.5,FALSE,5 Year US Treasuries Assumptions,15.0,0.12,0.1,0.0,CE-YUCHENG,183666.0,183666.0,183666.0,183666.0,183666.0,183662.0,0.0,0.0,0.0,6,0.0,Investment,0.040776,176176.835184,7489.164816000004,176176.835184,7489.164816000004,176176.835184,7489.164816000004,176176.835184,7489.164816000004,176176.835184,7489.164816000004,176172.998288,7489.0017119999975,0.0,0.0,0.0,0.0,0.0,0.0,0.0,0.0,0.22,0.595,1,14.48,14.13,88087.93797999999,0.0,0,0,0,0,0,0,0,0,634240.0598688,176176.835184,176176.835184,176176.835184,176176.835184,176172.998288,0.0,0.0,0,0,1585600.149672,616618.923144,792795.758328,968972.5935119999,1145149.428696,1321297.48716,0.0,0.0,0,0,18.0,3.5,4.5,5.5,6.5,7.5,0.0,0.0,0,0,1585582.88364,0.0,0,0,0,0,0,0,0,0,146813.22996666667,0.0,0,0,0,0,0,0,0,0,211417.95756480005,176176.835184,176176.835184,176176.835184,176176.835184,176172.998288,0.0,0.0,0,0,528544.8939120001,616618.923144,792795.758328,968972.5935119999,1145149.428696,1321297.48716,0.0,0.0,0,0,18.0,3.5,4.5,5.5,6.5,7.5,0.0,0.0,0,0,2642638.1393999998,0.0,0,0,0,0,0,0,0,0,2994984.06,4052039.32,4844848.47,4844848.47,5549554.8100000005,5549554.8100000005,6254272.15,6254272.15,6958978.49,6958978.49,7989289.5,7989289.5,,,,,,,,,1.0,1.0
42,CE-JINLING-Sim1,Jinling State,Jinling Partner,Banks,400.0,2025-04-07,1.0,3.0,20.0,30.0,40.0,50.0,60.0,70.0,80.0,90.0,100.0,110.0,3.0,4.0,5.0,6.0,7.0,8.0,9.0,10.0,11.0,12.0,25.0,30.0,35.0,40.0,45.0,50.0,55.0,60.0,65.0,70.0,15.0,20.0,25.0,30.0,3.0,4.0,5.0,6.0,7.0,8.0,9.0,10.0,11.0,12.0,TRUE,10 Year US Treasuries Assumptions,15.0,2.7,0.25,0.0,CE-JINLING,38086.0,38086.0,38087.0,0.0,0.0,0.0,0.0,0.0,0.0,3,0.0,Speculative,0.645129,13515.616906000001,24570.383093999997,13515.616906000001,24570.383093999997,13515.971777000002,24571.028222999998,0.0,0.0,0.0,0.0,0.0,0.0,0.0,0.0,0.0,0.0,0.0,0.0,0.0,0.0,2.95,1.0,1,14.56,14.56,2432.837658405,0.0,0,0,0,0,0,0,0,0,73885.19498396668,13515.616906000001,13515.971777000002,0.0,0.0,0.0,0.0,0.0,0,0,221655.58495190003,54062.467624000004,67579.85888500001,0.0,0.0,0.0,0.0,0.0,0,0,20.0,4.0,5.0,0.0,0.0,0.0,0.0,0.0,0,0,48656.753168100004,0.0,0,0,0,0,0,0,0,0,4054.729430675,0.0,0,0,0,0,0,0,0,0,63072.58316883334,13515.616906000001,13515.971777000002,0.0,0.0,0.0,0.0,0.0,0,0,189217.74950650003,54062.467624000004,67579.85888500001,0.0,0.0,0.0,0.0,0.0,0,0,20.0,4.0,5.0,0.0,0.0,0.0,0.0,0.0,0,0,81094.5886135,0.0,0,0,0,0,0,0,0,0,116216.84,148654.66999999998,351387.04000000004,351387.04000000004,1142605.0,1142605.0,,,,,,,,,,,,,,,1.0,1.0
43,CE-YANGQUAN,Yangquan State,Yangquan Partner,Transportation,450.0,2025-04-07,1.2,3.5,25.0,35.0,45.0,55.0,65.0,75.0,85.0,95.0,105.0,115.0,4.0,5.0,6.0,7.0,8.0,9.0,10.0,11.0,12.0,13.0,30.0,35.0,40.0,45.0,50.0,55.0,60.0,65.0,70.0,75.0,20.0,25.0,30.0,35.0,4.0,5.0,6.0,7.0,8.0,9.0,10.0,11.0,12.0,13.0,FALSE,10 Year US Treasuries Assumptions,15.0,2.7,0.25,0.0,CE-YANGQUAN,1943040.0,1943040.0,1943040.0,1943040.0,1943040.0,1943040.0,1943043.0,0.0,0.0,7,0.0,Speculative,0.495375,980506.5599999999,962533.4400000001,980506.5599999999,962533.4400000001,980506.5599999999,962533.4400000001,980506.5599999999,962533.4400000001,980506.5599999999,962533.4400000001,980506.5599999999,962533.4400000001,980508.073875,962534.926125,0.0,0.0,0.0,0.0,0.0,0.0,2.95,1.0,1,13.99,13.99,576538.0389449999,0.0,0,0,0,0,0,0,0,0,2524803.2565937503,980506.5599999999,980506.5599999999,980506.5599999999,980506.5599999999,980506.5599999999,980508.073875,0.0,0,0,10099213.026375001,4902532.8,5883039.359999999,6863545.92,7844052.4799999995,8824559.04,9805080.73875,0.0,0,0,25.0,5.0,6.0,7.0,8.0,9.0,10.0,0.0,0,0,14413450.973624999,0.0,0,0,0,0,0,0,0,0,960896.731575,0.0,0,0,0,0,0,0,0,0,122561.42765625007,980506.5599999999,980506.5599999999,980506.5599999999,980506.5599999999,980506.5599999999,980508.073875,0.0,0,0,490245.7106250003,4902532.8,5883039.359999999,6863545.92,7844052.4799999995,8824559.04,9805080.73875,0.0,0,0,25.0,5.0,6.0,7.0,8.0,9.0,10.0,0.0,0,0,24022418.289375,0.0,0,0,0,0,0,0,0,0,19315959.770000003,28924927.09,29415171.8,29415171.8,33337197.04,33337197.04,37259242.28,37259242.28,41181267.519999996,41181267.519999996,45103292.76,45103292.76,97152140.0,97152140.0,,,,,,,1.0,1.0
44,CE-HEILONGJIANG,Heilongjiang State,Heilongjiang Partner,Financials,300.0,2025-04-07,0.8,2.0,15.0,25.0,35.0,45.0,55.0,65.0,75.0,85.0,95.0,105.0,2.0,3.0,4.0,5.0,6.0,7.0,8.0,9.0,10.0,11.0,20.0,25.0,30.0,35.0,40.0,45.0,50.0,55.0,60.0,65.0,10.0,15.0,20.0,25.0,2.0,3.0,4.0,5.0,6.0,7.0,8.0,9.0,10.0,11.0,TRUE,10 Year US Treasuries Assumptions,15.0,2.7,0.25,0.0,CE-HEILONGJIANG,165373.0,165373.0,165373.0,165373.0,165373.0,0.0,0.0,0.0,0.0,5,0.0,Speculative,0.650568,57786.618136,107586.381864,57786.618136,107586.381864,57786.618136,107586.381864,57786.618136,107586.381864,57786.618136,107586.381864,0.0,0.0,0.0,0.0,0.0,0.0,0.0,0.0,0.0,0.0,2.95,1.0,1,14.27,14.27,23114.6472544,0.0,0,0,0,0,0,0,0,0,260039.781612,57786.618136,57786.618136,57786.618136,57786.618136,0.0,0.0,0.0,0,0,520079.563224,173359.85440799998,231146.472544,288933.09067999996,346719.70881599997,0.0,0.0,0.0,0,0,15.0,3.0,4.0,5.0,6.0,0.0,0.0,0.0,0,0,346719.70881599997,0.0,0,0,0,0,0,0,0,0,38524.412090666665,0.0,0,0,0,0,0,0,0,0,144466.54534,57786.618136,57786.618136,57786.618136,57786.618136,0.0,0.0,0.0,0,0,288933.09068,173359.85440799998,231146.472544,288933.09067999996,346719.70881599997,0.0,0.0,0.0,0,0,15.0,3.0,4.0,5.0,6.0,0.0,0.0,0.0,0,0,577866.1813599999,0.0,0,0,0,0,0,0,0,0,635640.8,866787.27,1271292.5999999999,1271292.5999999999,1502438.07,1502438.07,1733593.5399999998,1733593.5399999998,5622676.0,5622676.0,,,,,,,,,,,1.0,1.0
45,CE-HUIZHOU-Sim1,Huizhou State,Huizhou Partner,Industrials,250.0,2025-04-07,0.7,1.8,12.0,22.0,32.0,42.0,52.0,62.0,72.0,82.0,92.0,102.0,1.2,2.2,3.2,4.2,5.2,6.2,7.2,8.2,9.2,10.2,16.0,21.0,26.0,31.0,36.0,41.0,46.0,51.0,56.0,61.0,6.0,11.0,16.0,21.0,1.2,2.2,3.2,4.2,5.2,6.2,7.2,8.2,9.2,10.2,FALSE,5 Year US Treasuries Assumptions,15.0,0.12,0.1,0.0,CE-HUIZHOU,94076.0,94076.0,94077.0,0.0,0.0,0.0,0.0,0.0,0.0,3,0.0,Speculative,0.942245,5433.35938,88642.64062,5433.35938,88642.64062,5433.417135,88643.582865,0.0,0.0,0.0,0.0,0.0,0.0,0.0,0.0,0.0,0.0,0.0,0.0,0.0,0.0,0.22,1.0,1,14.56,14.56,896.5089180999998,0.0,0,0,0,0,0,0,0,0,45368.50461900001,5433.35938,5433.417135,0.0,0.0,0.0,0.0,0.0,0,0,54442.2055428,11953.390636,17386.934832,0.0,0.0,0.0,0.0,0.0,0,0,12.0,2.2,3.2,0.0,0.0,0.0,0.0,0.0,0,0,10758.107017199998,0.0,0,0,0,0,0,0,0,0,1494.1815301666666,0.0,0,0,0,0,0,0,0,0,39391.77849833333,5433.35938,5433.417135,0.0,0.0,0.0,0.0,0.0,0,0,47270.134198,11953.390636,17386.934832,0.0,0.0,0.0,0.0,0.0,0,0,12.0,2.2,3.2,0.0,0.0,0.0,0.0,0.0,0,0,17930.178362,0.0,0,0,0,0,0,0,0,0,32484.339999999997,39656.42,102138.96,102138.96,2144952.4,2144952.4,,,,,,,,,,,,,,,1.0,1.0
46,CE-MIANYANG-Sim1,Mianyang State,Mianyang Partner,Utilities,200.0,2025-04-07,0.6,1.5,10.0,20.0,30.0,40.0,50.0,60.0,70.0,80.0,90.0,100.0,1.0,2.0,3.0,4.0,5.0,6.0,7.0,8.0,9.0,10.0,15.0,20.0,25.0,30.0,35.0,40.0,45.0,50.0,55.0,60.0,5.0,10.0,15.0,20.0,1.0,2.0,3.0,4.0,5.0,6.0,7.0,8.0,9.0,10.0,TRUE,5 Year US Treasuries Assumptions,15.0,0.12,0.1,0.0,CE-MIANYANG,79273.0,79273.0,79273.0,79273.0,79273.0,79274.0,0.0,0.0,0.0,6,0.0,Speculative,0.620858,30055.723766,49217.276234000004,30055.723766,49217.276234000004,30055.723766,49217.276234000004,30055.723766,49217.276234000004,30055.723766,49217.276234000004,30056.102907999997,49217.897092,0.0,0.0,0.0,0.0,0.0,0.0,0.0,0.0,0.22,1.0,1,14.13,14.13,18935.174218139997,0.0,0,0,0,0,0,0,0,0,111205.4954786,30055.723766,30055.723766,30055.723766,30055.723766,30056.102907999997,0.0,0.0,0,0,111205.4954786,60111.447532,90167.171298,120222.895064,150278.61883,180336.61744799998,0.0,0.0,0,0,10.0,2.0,3.0,4.0,5.0,6.0,0.0,0.0,0,0,189351.74218139998,0.0,0,0,0,0,0,0,0,0,30055.723766,751.4499654499989,0,0,0,0,0,0,0,0,0.0,293042.7380055,30055.723766,30055.723766,30055.723766,30056.102907999997,0.0,0.0,0,0,0.0,586085.476011,90167.171298,120222.895064,150278.61883,180336.61744799998,0.0,0.0,0,0,0.0,20.0,3.0,4.0,5.0,6.0,0.0,0.0,0,0,300557.23766,15028.999308999977,0,0,0,0,0,0,0,0,339624.36,450829.86,540996.03,15022.0,661217.9199999999,661217.9199999999,781444.8099999999,781444.8099999999,901666.7100000001,901666.7100000001,2695310.0,2695310.0,,,,,,,,,1.0,0.94
47,CE-NORTHCHINA,North China State,North China Partner,Banks,350.0,2025-04-07,1.0,2.5,18.0,28.0,38.0,48.0,58.0,68.0,78.0,88.0,98.0,108.0,2.5,3.5,4.5,5.5,6.5,7.5,8.5,9.5,10.5,11.5,26.0,31.0,36.0,41.0,46.0,51.0,56.0,61.0,66.0,71.0,11.0,16.0,21.0,26.0,2.5,3.5,4.5,5.5,6.5,7.5,8.5,9.5,10.5,11.5,FALSE,10 Year US Treasuries Assumptions,15.0,2.7,0.25,0.0,CE-NORTHCHINA,45540.0,45541.0,0.0,0.0,0.0,0.0,0.0,0.0,0.0,2,0.0,Investment,0.10545,40737.807,4802.192999999999,40738.70155,4802.298450000002,0.0,0.0,0.0,0.0,0.0,0.0,0.0,0.0,0.0,0.0,0.0,0.0,0.0,0.0,0.0,0.0,2.95,1.0,1,14.7,14.7,4073.832882083333,0.0,0,0,0,0,0,0,0,0,263980.61364900006,40738.70155,0.0,0.0,0.0,0.0,0.0,0.0,0,0,659951.5341225001,142585.455425,0.0,0.0,0.0,0.0,0.0,0.0,0,0,18.0,3.5,0.0,0.0,0.0,0.0,0.0,0.0,0,0,73328.9918775,0.0,0,0,0,0,0,0,0,0,6789.721470138889,0.0,0,0,0,0,0,0,0,0,244426.21581500006,40738.70155,0.0,0.0,0.0,0.0,0.0,0.0,0,0,611065.5395375001,142585.455425,0.0,0.0,0.0,0.0,0.0,0.0,0,0,18.0,3.5,0.0,0.0,0.0,0.0,0.0,0.0,0,0,122214.9864625,0.0,0,0,0,0,0,0,0,0,399217.94999999995,448103.93999999994,1252374.0,1252374.0,,,,,,,,,,,,,,,,,1.0,1.0
48,CE-SHAANXI-Sim1,Shaanxi State,Shaanxi Partner,Transportation,400.0,2025-04-07,1.2,3.0,20.0,30.0,40.0,50.0,60.0,70.0,80.0,90.0,100.0,110.0,3.0,4.0,5.0,6.0,7.0,8.0,9.0,10.0,11.0,12.0,25.0,30.0,35.0,40.0,45.0,50.0,55.0,60.0,65.0,70.0,15.0,20.0,25.0,30.0,3.0,4.0,5.0,6.0,7.0,8.0,9.0,10.0,11.0,12.0,TRUE,5 Year US Treasuries Assumptions,15.0,0.12,0.1,0.0,CE-SHAANXI,21937.0,21937.0,0.0,0.0,0.0,0.0,0.0,0.0,0.0,2,0.0,Investment,0.10885,19549.15755,2387.84245,19549.15755,2387.84245,0.0,0.0,0.0,0.0,0.0,0.0,0.0,0.0,0.0,0.0,0.0,0.0,0.0,0.0,0.0,0.0,0.22,0.57,1,14.83,14.7,2052.6615427499996,0.0,0,0,0,0,0,0,0,0,116643.30671500001,19549.15755,0.0,0.0,0.0,0.0,0.0,0.0,0,0,349929.92014500004,78196.6302,0.0,0.0,0.0,0.0,0.0,0.0,0,0,20.0,4.0,0.0,0.0,0.0,0.0,0.0,0.0,0,0,41053.230854999994,0.0,0,0,0,0,0,0,0,0,3421.10257125,0.0,0,0,0,0,0,0,0,0,107520.366525,19549.15755,0.0,0.0,0.0,0.0,0.0,0.0,0,0,322561.099575,78196.6302,0.0,0.0,0.0,0.0,0.0,0.0,0,0,20.0,4.0,0.0,0.0,0.0,0.0,0.0,0.0,0,0,68422.051425,0.0,0,0,0,0,0,0,0,0,138781.02000000002,166149.84000000003,570358.0,570358.0,,,,,,,,,,,,,,,,,1.0,1.0
49,DEMO-SUMMIT-SIM,Demo State,Demo Partner,Financials,150.0,2025-04-07,0.5,1.5,10.0,20.0,30.0,40.0,50.0,60.0,70.0,80.0,90.0,100.0,1.0,2.0,3.0,4.0,5.0,6.0,7.0,8.0,9.0,10.0,15.0,20.0,25.0,30.0,35.0,40.0,45.0,50.0,55.0,60.0,5.0,10.0,15.0,20.0,1.0,2.0,3.0,4.0,5.0,6.0,7.0,8.0,9.0,10.0,FALSE,5 Year US Treasuries Assumptions,15.0,0.12,0.1,0.0,DEMO-SUMMIT,24092.0,24092.0,24092.0,24092.0,24092.0,24092.0,24092.0,24092.0,0.0,8,0.0,Investment,0.3659,15276.7372,8815.2628,15276.7372,8815.2628,15276.7372,8815.2628,15276.7372,8815.2628,15276.7372,8815.2628,15276.7372,8815.2628,15276.7372,8815.2628,15276.7372,8815.2628,0.0,0.0,0.0,0.0,0.22,1.0,1,13.85,13.85,15276.7372,611.0694879999995,0,0,0,0,0,0,0,0,0.0,146656.67712,15276.7372,15276.7372,15276.7372,15276.7372,15276.7372,15276.7372,0,0,0.0,293313.35424,45830.211599999995,61106.9488,76383.686,91660.42319999999,106937.1604,122213.8976,0,0,0.0,20.0,2.9999999999999996,4.0,5.0,5.999999999999999,7.0,8.0,0,0,152767.372,12221.389759999991,0,0,0,0,0,0,0,0,15276.7372,6110.69488,0,0,0,0,0,0,0,0,0.0,91660.42320000002,15276.7372,15276.7372,15276.7372,15276.7372,15276.7372,15276.7372,0,0,0.0,183320.84640000004,45830.211599999995,61106.9488,76383.686,91660.42319999999,106937.1604,122213.8976,0,0,0.0,20.000000000000004,2.9999999999999996,4.0,5.0,5.999999999999999,7.0,8.0,0,0,152767.372,122213.8976,0,0,0,0,0,0,0,0,229145.06,229145.06,12214.390000000014,122206.88999999998,336080.22,336080.22,397191.17,397191.17,458297.11000000004,458297.11000000004,519403.07,519403.07,580509.01,580509.01,1011856.0,1011856.0,,,,,0.92,1.0
50,CE-DASHIQIAO-Sim,Dashiqiao State,Dashiqiao Partner,Industrials,250.0,2025-04-07,0.8,2.0,15.0,25.0,35.0,45.0,55.0,65.0,75.0,85.0,95.0,105.0,2.0,3.0,4.0,5.0,6.0,7.0,8.0,9.0,10.0,11.0,20.0,25.0,30.0,35.0,40.0,45.0,50.0,55.0,60.0,65.0,10.0,15.0,20.0,25.0,2.0,3.0,4.0,5.0,6.0,7.0,8.0,9.0,10.0,11.0,TRUE,10 Year US Treasuries Assumptions,15.0,2.7,0.25,0.0,CE-DASHIQIAO,46658.0,46659.0,0.0,0.0,0.0,0.0,0.0,0.0,0.0,2,0.0,Investment,0.28705,33264.8211,13393.178899999999,33265.53405,13393.465949999998,0.0,0.0,0.0,0.0,0.0,0.0,0.0,0.0,0.0,0.0,0.0,0.0,0.0,0.0,0.0,0.0,2.95,1.0,1,14.7,14.7,3326.5248869999996,0.0,0,0,0,0,0,0,0,0,224537.2215975,33265.53405,0.0,0.0,0.0,0.0,0.0,0.0,0,0,449074.443195,99796.60215,0.0,0.0,0.0,0.0,0.0,0.0,0,0,15.0,3.0,0.0,0.0,0.0,0.0,0.0,0.0,0,0,49897.873304999994,0.0,0,0,0,0,0,0,0,0,5544.208145,0.0,0,0,0,0,0,0,0,0,207904.59716250002,33265.53405,0.0,0.0,0.0,0.0,0.0,0.0,0,0,415809.19432500005,99796.60215,0.0,0.0,0.0,0.0,0.0,0.0,0,0,15.000000000000002,3.0,0.0,0.0,0.0,0.0,0.0,0.0,0,0,83163.122175,0.0,0,0,0,0,0,0,0,0,216209.98000000004,249475.23000000004,1026495.0,1026495.0,,,,,,,,,,,,,,,,,1.0,1.0
51,CE-BAISHUIQUAN-Sim,Baishuiquan State,Baishuiquan Partner,Utilities,300.0,2025-04-07,1.0,2.5,18.0,28.0,38.0,48.0,58.0,68.0,78.0,88.0,98.0,108.0,2.5,3.5,4.5,5.5,6.5,7.5,8.5,9.5,10.5,11.5,26.0,31.0,36.0,41.0,46.0,51.0,56.0,61.0,66.0,71.0,11.0,16.0,21.0,26.0,2.5,3.5,4.5,5.5,6.5,7.5,8.5,9.5,10.5,11.5,FALSE,10 Year US Treasuries Assumptions,15.0,2.7,0.25,0.0,CE-BAISHUIQUAN,40519.0,40519.0,40519.0,40519.0,40519.0,40519.0,40524.0,0.0,0.0,7,0.0,Investment,0.198044,32494.455164,8024.544836000001,32494.455164,8024.544836000001,32494.455164,8024.544836000001,32494.455164,8024.544836000001,32494.455164,8024.544836000001,32494.455164,8024.544836000001,32498.464944,8025.535056000001,0.0,0.0,0.0,0.0,0.0,0.0,2.95,1.0,1,13.99,13.99,20851.176782399998,0.0,0,0,0,0,0,0,0,0,83831.60434752,32494.455164,32494.455164,32494.455164,32494.455164,32494.455164,32498.464944,0.0,0,0,209579.0108688,113730.593074,146225.048238,178719.503402,211213.958566,243708.41373,276236.952024,0.0,0,0,18.0,3.5000000000000004,4.5,5.5,6.5,7.5,8.5,0.0,0,0,375321.18208319996,0.0,0,0,0,0,0,0,0,0,32494.455164,1451.2539471428568,0,0,0,0,0,0,0,0,0.0,248345.60973485713,32494.455164,32494.455164,32494.455164,32494.455164,32498.464944,0.0,0,0,0.0,869209.6340719999,146225.048238,178719.503402,211213.958566,243708.41373,276236.952024,0.0,0,0,0.0,27.999999999999996,4.5,5.5,6.5,7.5,8.5,0.0,0,0,584900.192952,40635.11051999999,0,0,0,0,0,0,0,0,635263.32,844842.33,893583.02,138103.97999999998,1023559.8399999999,1023559.8399999999,1153547.66,1153547.66,1283524.48,1283524.48,1413501.3,1413501.3,1924881.5,1924881.5,,,,,,,1.0,0.8
52,CE-GANSU-Sim,Gansu State,Gansu Partner,Banks,200.0,2025-04-07,0.6,1.8,12.0,22.0,32.0,42.0,52.0,62.0,72.0,82.0,92.0,102.0,1.2,2.2,3.2,4.2,5.2,6.2,7.2,8.2,9.2,10.2,16.0,21.0,26.0,31.0,36.0,41.0,46.0,51.0,56.0,61.0,6.0,11.0,16.0,21.0,1.2,2.2,3.2,4.2,5.2,6.2,7.2,8.2,9.2,10.2,TRUE,5 Year US Treasuries Assumptions,15.0,0.12,0.1,0.0,CE-GANSU,161020.0,161020.0,161020.0,161020.0,161020.0,161025.0,0.0,0.0,0.0,6,0.0,Investment,0.206128,127829.26944,33190.730559999996,127829.26944,33190.730559999996,127829.26944,33190.730559999996,127829.26944,33190.730559999996,127829.26944,33190.730559999996,127833.2388,33191.76119999999,0.0,0.0,0.0,0.0,0.0,0.0,0.0,0.0,0.22,0.9249999999999999,1,14.19,14.13,70945.85979,0.0,0,0,0,0,0,0,0,0,568834.0965,127829.26944,127829.26944,127829.26944,127829.26944,127833.2388,0.0,0.0,0,0,682600.9158,281224.392768,409053.662208,536882.931648,664712.2010880001,792566.08056,0.0,0.0,0,0,12.0,2.2,3.2,4.2,5.2,6.2,0.0,0.0,0,0,851350.3174800001,0.0,0,0,0,0,0,0,0,0,118243.09965,0.0,0,0,0,0,0,0,0,0,95861.69789999996,127829.26944,127829.26944,127829.26944,127829.26944,127833.2388,0.0,0.0,0,0,115034.03747999994,281224.392768,409053.662208,536882.931648,664712.2010880001,792566.08056,0.0,0.0,0,0,12.0,2.2,3.2,4.2,5.2,6.2,0.0,0.0,0,0,1418917.1958,0.0,0,0,0,0,0,0,0,0,1362660.19,1930227.07,2403182.0700000003,2403182.0700000003,2914498.15,2914498.15,3425820.22,3425820.22,3937136.3000000003,3937136.3000000003,5603663.8,5603663.8,,,,,,,,,1.0,1.0
53,CE-BAODING-Sim,Baoding State,Baoding Partner,Transportation,350.0,2025-04-07,1.0,2.5,18.0,28.0,38.0,48.0,58.0,68.0,78.0,88.0,98.0,108.0,2.5,3.5,4.5,5.5,6.5,7.5,8.5,9.5,10.5,11.5,26.0,31.0,36.0,41.0,46.0,51.0,56.0,61.0,66.0,71.0,11.0,16.0,21.0,26.0,2.5,3.5,4.5,5.5,6.5,7.5,8.5,9.5,10.5,11.5,FALSE,5 Year US Treasuries Assumptions,15.0,0.12,0.1,0.0,CE-BAODING,32645.0,32646.0,0.0,0.0,0.0,0.0,0.0,0.0,0.0,2,0.0,Speculative,0.8041,6395.155499999999,26249.8445,6395.351399999999,26250.6486,0.0,0.0,0.0,0.0,0.0,0.0,0.0,0.0,0.0,0.0,0.0,0.0,0.0,0.0,0.0,0.0,0.22,1.0,1,14.7,14.7,639.5269774999998,0.0,0,0,0,0,0,0,0,0,41440.525362,6395.351399999999,0.0,0.0,0.0,0.0,0.0,0.0,0,0,103601.313405,22383.729899999995,0.0,0.0,0.0,0.0,0.0,0.0,0,0,18.0,3.5,0.0,0.0,0.0,0.0,0.0,0.0,0,0,11511.485594999996,0.0,0,0,0,0,0,0,0,0,1065.8782958333331,0.0,0,0,0,0,0,0,0,0,38370.795869999994,6395.351399999999,0.0,0.0,0.0,0.0,0.0,0.0,0,0,95926.98967499999,22383.729899999995,0.0,0.0,0.0,0.0,0.0,0.0,0,0,18.0,3.5,0.0,0.0,0.0,0.0,0.0,0.0,0,0,19185.809324999995,0.0,0,0,0,0,0,0,0,0,62659.23000000001,70333.55,897761.5,897761.5,,,,,,,,,,,,,,,,,1.0,1.0
54,CE-BENGBU-Sim,Bengbu State,Bengbu Partner,Financials,300.0,2025-04-07,0.8,2.0,15.0,25.0,35.0,45.0,55.0,65.0,75.0,85.0,95.0,105.0,2.0,3.0,4.0,5.0,6.0,7.0,8.0,9.0,10.0,11.0,20.0,25.0,30.0,35.0,40.0,45.0,50.0,55.0,60.0,65.0,10.0,15.0,20.0,25.0,2.0,3.0,4.0,5.0,6.0,7.0,8.0,9.0,10.0,11.0,TRUE,5 Year US Treasuries Assumptions,15.0,0.12,0.1,0.0,CE-BENGBU,104195.0,104196.0,0.0,0.0,0.0,0.0,0.0,0.0,0.0,2,0.0,Investment,0.1049,93264.9445,10930.055500000002,93265.8396,10930.160399999993,0.0,0.0,0.0,0.0,0.0,0.0,0.0,0.0,0.0,0.0,0.0,0.0,0.0,0.0,0.0,0.0,0.22,0.36,1,14.89,14.7,9326.548156,0.0,0,0,0,0,0,0,0,0,629537.97258,93265.8396,0.0,0.0,0.0,0.0,0.0,0.0,0,0,1259075.94516,279797.5188,0.0,0.0,0.0,0.0,0.0,0.0,0,0,15.0,3.0,0.0,0.0,0.0,0.0,0.0,0.0,0,0,139898.22234,0.0,0,0,0,0,0,0,0,0,15544.246926666669,0.0,0,0,0,0,0,0,0,0,582905.2318,93265.8396,0.0,0.0,0.0,0.0,0.0,0.0,0,0,1165810.4636,279797.5188,0.0,0.0,0.0,0.0,0.0,0.0,0,0,15.0,3.0,0.0,0.0,0.0,0.0,0.0,0.0,0,0,233163.70390000002,0.0,0,0,0,0,0,0,0,0,606210.94,699476.4299999999,2292309.0,2292309.0,,,,,,,,,,,,,,,,,1.0,1.0
55,CE-BOXING-Sim,Boxing State,Boxing Partner,Industrials,250.0,2025-04-07,0.7,1.8,12.0,22.0,32.0,42.0,52.0,62.0,72.0,82.0,92.0,102.0,1.2,2.2,3.2,4.2,5.2,6.2,7.2,8.2,9.2,10.2,16.0,21.0,26.0,31.0,36.0,41.0,46.0,51.0,56.0,61.0,6.0,11.0,16.0,21.0,1.2,2.2,3.2,4.2,5.2,6.2,7.2,8.2,9.2,10.2,FALSE,5 Year US Treasuries Assumptions,15.0,0.12,0.1,0.0,CE-BOXING,28264.0,28264.0,0.0,0.0,0.0,0.0,0.0,0.0,0.0,2,0.0,Investment,0.1049,25299.1064,2964.8935999999994,25299.1064,2964.8935999999994,0.0,0.0,0.0,0.0,0.0,0.0,0.0,0.0,0.0,0.0,0.0,0.0,0.0,0.0,0.0,0.0,0.22,0.32,1,14.9,14.7,2150.424044,0.0,0,0,0,0,0,0,0,0,231486.82356000002,25299.1064,0.0,0.0,0.0,0.0,0.0,0.0,0,0,277784.188272,55658.034080000005,0.0,0.0,0.0,0.0,0.0,0.0,0,0,12.0,2.2,0.0,0.0,0.0,0.0,0.0,0.0,0,0,25805.088528,0.0,0,0,0,0,0,0,0,0,3584.0400733333336,0.0,0,0,0,0,0,0,0,0,217150.66326666667,25299.1064,0.0,0.0,0.0,0.0,0.0,0.0,0,0,260580.79592,55658.034080000005,0.0,0.0,0.0,0.0,0.0,0.0,0,0,12.0,2.2,0.0,0.0,0.0,0.0,0.0,0.0,0,0,43008.48088,0.0,0,0,0,0,0,0,0,0,126994.31,144197.7,531361.0,531361.0,,,,,,,,,,,,,,,,,1.0,1.0
56,CE-LINQU-Sim,Linqu State,Linqu Partner,Utilities,200.0,2025-04-07,0.6,1.5,10.0,20.0,30.0,40.0,50.0,60.0,70.0,80.0,90.0,100.0,1.0,2.0,3.0,4.0,5.0,6.0,7.0,8.0,9.0,10.0,15.0,20.0,25.0,30.0,35.0,40.0,45.0,50.0,55.0,60.0,5.0,10.0,15.0,20.0,1.0,2.0,3.0,4.0,5.0,6.0,7.0,8.0,9.0,10.0,TRUE,5 Year US Treasuries Assumptions,15.0,0.12,0.1,0.0,CE-LINQU,72565.0,72565.0,0.0,0.0,0.0,0.0,0.0,0.0,0.0,2,0.0,Investment,0.1049,64952.9315,7612.068500000001,64952.9315,7612.068500000001,0.0,0.0,0.0,0.0,0.0,0.0,0.0,0.0,0.0,0.0,0.0,0.0,0.0,0.0,0.0,0.0,0.22,0.32,1,14.9,14.7,5845.763835,0.0,0,0,0,0,0,0,0,0,591071.6766499999,64952.9315,0.0,0.0,0.0,0.0,0.0,0.0,0,0,591071.6766499999,129905.863,0.0,0.0,0.0,0.0,0.0,0.0,0,0,10.0,2.0,0.0,0.0,0.0,0.0,0.0,0.0,0,0,58457.638349999994,0.0,0,0,0,0,0,0,0,0,9742.939725,0.0,0,0,0,0,0,0,0,0,552099.9177499999,64952.9315,0.0,0.0,0.0,0.0,0.0,0.0,0,0,552099.9177499999,129905.863,0.0,0.0,0.0,0.0,0.0,0.0,0,0,10.0,2.0,0.0,0.0,0.0,0.0,0.0,0.0,0,0,97429.39725,0.0,0,0,0,0,0,0,0,0,383216.2899999999,422188.04999999993,1306168.0,1306168.0,,,,,,,,,,,,,,,,,1.0,1.0
57,CE-GANHEKOU-SIM,Ganhekou State,Ganhekou Partner,Banks,400.0,2025-04-07,1.2,3.0,20.0,30.0,40.0,50.0,60.0,70.0,80.0,90.0,100.0,110.0,3.0,4.0,5.0,6.0,7.0,8.0,9.0,10.0,11.0,12.0,25.0,30.0,35.0,40.0,45.0,50.0,55.0,60.0,65.0,70.0,15.0,20.0,25.0,30.0,3.0,4.0,5.0,6.0,7.0,8.0,9.0,10.0,11.0,12.0,FALSE,10 Year US Treasuries Assumptions,15.0,2.7,0.25,0.0,CE-GANHEKOU,41091.0,41091.0,41093.0,0.0,0.0,0.0,0.0,0.0,0.0,3,0.0,Speculative,0.522926,19603.447734,21487.552266,19603.447734,21487.552266,19604.401882,21488.598118,0.0,0.0,0.0,0.0,0.0,0.0,0.0,0.0,0.0,0.0,0.0,0.0,0.0,0.0,2.95,1.0,1,14.56,14.56,3528.6921532200004,0.0,0,0,0,0,0,0,0,0,107165.0372052,19603.447734,19604.401882,0.0,0.0,0.0,0.0,0.0,0,0,321495.1116156,78413.790936,98022.00941,0.0,0.0,0.0,0.0,0.0,0,0,20.0,4.0,5.0,0.0,0.0,0.0,0.0,0.0,0,0,70573.8430644,0.0,0,0,0,0,0,0,0,0,5881.153588700001,0.0,0,0,0,0,0,0,0,0,91481.96096866667,19603.447734,19604.401882,0.0,0.0,0.0,0.0,0.0,0,0,274445.882906,78413.790936,98022.00941,0.0,0.0,0.0,0.0,0.0,0,0,20.0,4.0,5.0,0.0,0.0,0.0,0.0,0.0,0,0,117623.07177400001,0.0,0,0,0,0,0,0,0,0,168573.08000000002,215622.31,509670.6400000001,509670.6400000001,1232785.0,1232785.0,,,,,,,,,,,,,,,1.0,1.0
58,CE-XIAOCAOHU,Xiaocaohu State,Xiaocaohu Partner,Transportation,450.0,2025-04-07,1.5,3.5,25.0,35.0,45.0,55.0,65.0,75.0,85.0,95.0,105.0,115.0,4.0,5.0,6.0,7.0,8.0,9.0,10.0,11.0,12.0,13.0,30.0,35.0,40.0,45.0,50.0,55.0,60.0,65.0,70.0,75.0,20.0,25.0,30.0,35.0,4.0,5.0,6.0,7.0,8.0,9.0,10.0,11.0,12.0,13.0,FALSE,10 Year US Treasuries Assumptions,15.0,2.7,0.25,0.0,CE-XIAOCAOHU,169070.0,169070.0,169070.0,169070.0,0.0,0.0,0.0,0.0,0.0,4,0.0,Speculative,0.54545,76850.7685,92219.2315,76850.7685,92219.2315,76850.7685,92219.2315,76850.7685,92219.2315,0.0,0.0,0.0,0.0,0.0,0.0,0.0,0.0,0.0,0.0,0.0,0.0,2.95,1.0,1,14.41,14.41,20288.602884,0.0,0,0,0,0,0,0,0,0,353513.53510000004,76850.7685,76850.7685,76850.7685,0.0,0.0,0.0,0.0,0,0,1414054.1404000001,384253.8425,461104.61100000003,537955.3795,0.0,0.0,0.0,0.0,0,0,25.0,5.0,6.0,7.0,0.0,0.0,0.0,0.0,0,0,507215.0721,0.0,0,0,0,0,0,0,0,0,33814.33814,0.0,0,0,0,0,0,0,0,0,268977.68975,76850.7685,76850.7685,76850.7685,0.0,0.0,0.0,0.0,0,0,1075910.759,384253.8425,461104.61100000003,537955.3795,0.0,0.0,0.0,0.0,0,0,25.0,5.0,6.0,7.0,0.0,0.0,0.0,0.0,0,0,845358.4535000001,0.0,0,0,0,0,0,0,0,0,891444.9200000002,1229588.3,2305498.06,2305498.06,2612900.1300000004,2612900.1300000004,6424653.0,6424653.0,,,,,,,,,,,,,1.0,1.0
59,CE-CHANGMA-SIM,Changma State,Changma Partner,Financials,300.0,2025-04-07,0.8,2.0,15.0,25.0,35.0,45.0,55.0,65.0,75.0,85.0,95.0,105.0,2.0,3.0,4.0,5.0,6.0,7.0,8.0,9.0,10.0,11.0,20.0,25.0,30.0,35.0,40.0,45.0,50.0,55.0,60.0,65.0,10.0,15.0,20.0,25.0,2.0,3.0,4.0,5.0,6.0,7.0,8.0,9.0,10.0,11.0,TRUE,10 Year US Treasuries Assumptions,15.0,2.7,0.25,0.0,CE-CHANGMA,91316.0,91316.0,91318.0,0.0,0.0,0.0,0.0,0.0,0.0,3,0.0,Speculative,0.522926,43564.489384,47751.510616,43564.489384,47751.510616,43565.443532,47752.556468,0.0,0.0,0.0,0.0,0.0,0.0,0.0,0.0,0.0,0.0,0.0,0.0,0.0,0.0,2.95,1.0,1,14.56,14.56,7841.684420959999,0.0,0,0,0,0,0,0,0,0,267921.0372228,43564.489384,43565.443532,0.0,0.0,0.0,0.0,0.0,0,0,535842.0744456,130693.468152,174261.774128,0.0,0.0,0.0,0.0,0.0,0,0,15.000000000000002,3.0,4.0,0.0,0.0,0.0,0.0,0.0,0,0,117625.2663144,0.0,0,0,0,0,0,0,0,0,13069.474034933333,0.0,0,0,0,0,0,0,0,0,228712.61511800002,43564.489384,43565.443532,0.0,0.0,0.0,0.0,0.0,0,0,457425.23023600003,130693.468152,174261.774128,0.0,0.0,0.0,0.0,0.0,0,0,15.000000000000002,3.0,4.0,0.0,0.0,0.0,0.0,0.0,0,0,196042.110524,0.0,0,0,0,0,0,0,0,0,335435.7200000001,413852.56000000006,958405.76,958405.76,2374264.0,2374264.0,,,,,,,,,,,,,,,1.0,1.0
60,CE-GUOHUA-SIM,Guohua State,Guohua Partner,Industrials,250.0,2025-04-07,0.7,1.8,12.0,22.0,32.0,42.0,52.0,62.0,72.0,82.0,92.0,102.0,1.2,2.2,3.2,4.2,5.2,6.2,7.2,8.2,9.2,10.2,16.0,21.0,26.0,31.0,36.0,41.0,46.0,51.0,56.0,61.0,6.0,11.0,16.0,21.0,1.2,2.2,3.2,4.2,5.2,6.2,7.2,8.2,9.2,10.2,FALSE,5 Year US Treasuries Assumptions,15.0,0.12,0.1,0.0,CE-GUOHUA,95232.0,95232.0,95232.0,95232.0,95232.0,95232.0,95234.0,0.0,0.0,7,0.0,Speculative,0.419023,55327.60166400001,39904.39833599999,55327.60166400001,39904.39833599999,55327.60166400001,39904.39833599999,55327.60166400001,39904.39833599999,55327.60166400001,39904.39833599999,55327.60166400001,39904.39833599999,55328.763618000004,39905.236381999996,0.0,0.0,0.0,0.0,0.0,0.0,0.22,1.0,1,13.99,13.99,40665.996374760005,0.0,0,0,0,0,0,0,0,0,146616.0528924,55327.60166400001,55327.60166400001,55327.60166400001,55327.60166400001,55327.60166400001,55328.763618000004,0.0,0,0,175939.26347088,121720.72366080002,177048.32532480004,232375.92698880006,287703.5286528001,343031.1303168001,398367.0980496,0.0,0,0,12.0,2.2,3.2,4.2,5.2,6.2,7.2,0.0,0,0,487991.9564971201,0.0,0,0,0,0,0,0,0,0,55327.60166400001,6790.395796690914,0,0,0,0,0,0,0,0,0.0,485372.058673091,55327.60166400001,55327.60166400001,55327.60166400001,55327.60166400001,55328.763618000004,0.0,0,0,0.0,1067818.5290808002,177048.32532480004,232375.92698880006,287703.5286528001,343031.1303168001,398367.0980496,0.0,0,0,0.0,22.000000000000004,3.2,4.2,5.2,6.2,7.2,0.0,0,0,663931.2199680001,149388.7075272001,0,0,0,0,0,0,0,0,709295.17,885234.43,1040150.7099999998,94052.8999999999,1261460.1099999999,1261460.1099999999,1482775.52,1482775.52,1704084.93,1704084.93,1925394.3399999999,1925394.3399999999,3695072.0,3695072.0,,,,,,,1.0,0.91
61,CE-KE&ZUOHOUQI-SIM,Ke&Zuohouqi State,Ke&Zuohouqi Partner,Utilities,200.0,2025-04-07,0.6,1.5,10.0,20.0,30.0,40.0,50.0,60.0,70.0,80.0,90.0,100.0,1.0,2.0,3.0,4.0,5.0,6.0,7.0,8.0,9.0,10.0,15.0,20.0,25.0,30.0,35.0,40.0,45.0,50.0,55.0,60.0,5.0,10.0,15.0,20.0,1.0,2.0,3.0,4.0,5.0,6.0,7.0,8.0,9.0,10.0,TRUE,10 Year US Treasuries Assumptions,15.0,2.7,0.25,0.0,CE-KEZUOHOUQI,95476.0,95476.0,0.0,0.0,0.0,0.0,0.0,0.0,0.0,2,0.0,Speculative,0.43235,54196.9514,41279.0486,54196.9514,41279.0486,0.0,0.0,0.0,0.0,0.0,0.0,0.0,0.0,0.0,0.0,0.0,0.0,0.0,0.0,0.0,0.0,2.95,1.0,1,14.7,14.7,4877.725626,0.0,0,0,0,0,0,0,0,0,493192.25774,54196.9514,0.0,0.0,0.0,0.0,0.0,0.0,0,0,493192.25774,108393.9028,0.0,0.0,0.0,0.0,0.0,0.0,0,0,10.0,2.0,0.0,0.0,0.0,0.0,0.0,0.0,0,0,48777.25626,0.0,0,0,0,0,0,0,0,0,8129.54271,0.0,0,0,0,0,0,0,0,0,460674.0869,54196.9514,0.0,0.0,0.0,0.0,0.0,0.0,0,0,460674.0869,108393.9028,0.0,0.0,0.0,0.0,0.0,0.0,0,0,10.0,2.0,0.0,0.0,0.0,0.0,0.0,0.0,0,0,81295.4271,0.0,0,0,0,0,0,0,0,0,319756.01,352274.18,1718566.0,1718566.0,,,,,,,,,,,,,,,,,1.0,1.0
62,CE-GEQU-Sim,Gequ State,Gequ Partner,Banks,400.0,2025-04-07,1.2,3.0,20.0,30.0,40.0,50.0,60.0,70.0,80.0,90.0,100.0,110.0,3.0,4.0,5.0,6.0,7.0,8.0,9.0,10.0,11.0,12.0,25.0,30.0,35.0,40.0,45.0,50.0,55.0,60.0,65.0,70.0,15.0,20.0,25.0,30.0,3.0,4.0,5.0,6.0,7.0,8.0,9.0,10.0,11.0,12.0,FALSE,10 Year US Treasuries Assumptions,15.0,2.7,0.25,0.0,CE-GEQU,154838.0,154839.0,0.0,0.0,0.0,0.0,0.0,0.0,0.0,2,0.0,Investment,0.25145,115903.98490000001,38934.01509999999,115904.73345000001,38934.266549999986,0.0,0.0,0.0,0.0,0.0,0.0,0.0,0.0,0.0,0.0,0.0,0.0,0.0,0.0,0.0,0.0,2.95,1.0,1,14.7,14.7,12169.963327500001,0.0,0,0,0,0,0,0,0,0,691560.1438166668,115904.73345000001,0.0,0.0,0.0,0.0,0.0,0.0,0,0,2074680.4314500003,463618.93380000006,0.0,0.0,0.0,0.0,0.0,0.0,0,0,20.0,4.0,0.0,0.0,0.0,0.0,0.0,0.0,0,0,243399.26655000003,0.0,0,0,0,0,0,0,0,0,20283.272212500004,0.0,0,0,0,0,0,0,0,0,637471.4179166667,115904.73345000001,0.0,0.0,0.0,0.0,0.0,0.0,0,0,1912414.2537500001,463618.93380000006,0.0,0.0,0.0,0.0,0.0,0.0,0,0,20.0,4.0,0.0,0.0,0.0,0.0,0.0,0.0,0,0,405665.44425000006,0.0,0,0,0,0,0,0,0,0,822901.1900000002,985167.3700000001,4025810.0,4025810.0,,,,,,,,,,,,,,,,,1.0,1.0
63,CE-DAPEIN-SIM,Dapein State,Dapein Partner,Transportation,450.0,2025-04-07,1.5,3.5,25.0,35.0,45.0,55.0,65.0,75.0,85.0,95.0,105.0,115.0,4.0,5.0,6.0,7.0,8.0,9.0,10.0,11.0,12.0,13.0,30.0,35.0,40.0,45.0,50.0,55.0,60.0,65.0,70.0,75.0,20.0,25.0,30.0,35.0,4.0,5.0,6.0,7.0,8.0,9.0,10.0,11.0,12.0,13.0,FALSE,5 Year US Treasuries Assumptions,15.0,0.12,0.1,0.0,CE-DAPEIN,686686.0,686686.0,686687.0,0.0,0.0,0.0,0.0,0.0,0.0,3,0.0,Investment,0.356625,441796.60525,244889.39474999998,441796.60525,244889.39474999998,441797.248625,244889.751375,0.0,0.0,0.0,0.0,0.0,0.0,0.0,0.0,0.0,0.0,0.0,0.0,0.0,0.0,0.22,0.67,1,14.7,14.56,79523.435268,0.0,0,0,0,0,0,0,0,0,2264207.3123875004,441796.60525,441797.248625,0.0,0.0,0.0,0.0,0.0,0,0,9056829.249550002,2208983.02625,2650783.49175,0.0,0.0,0.0,0.0,0.0,0,0,25.000000000000004,5.0,6.0,0.0,0.0,0.0,0.0,0.0,0,0,1988085.8817,0.0,0,0,0,0,0,0,0,0,132539.05878,0.0,0,0,0,0,0,0,0,0,1932859.6654375005,441796.60525,441797.248625,0.0,0.0,0.0,0.0,0.0,0,0,7731438.661750002,2208983.02625,2650783.49175,0.0,0.0,0.0,0.0,0.0,0,0,25.000000000000004,5.0,6.0,0.0,0.0,0.0,0.0,0.0,0,0,3313476.4695,0.0,0,0,0,0,0,0,0,0,4197044.91,5522435.5,13253873.15,13253873.15,23347352.0,23347352.0,,,,,,,,,,,,,,,1.0,1.0
64,CE-SHIYAZI-SIM,Shiyazi State,Shiyazi Partner,Financials,300.0,2025-04-07,0.8,2.0,15.0,25.0,35.0,45.0,55.0,65.0,75.0,85.0,95.0,105.0,2.0,3.0,4.0,5.0,6.0,7.0,8.0,9.0,10.0,11.0,20.0,25.0,30.0,35.0,40.0,45.0,50.0,55.0,60.0,65.0,10.0,15.0,20.0,25.0,2.0,3.0,4.0,5.0,6.0,7.0,8.0,9.0,10.0,11.0,TRUE,5 Year US Treasuries Assumptions,15.0,0.12,0.1,0.0,CE-SHIYAZI,232223.0,232223.0,232223.0,232223.0,232227.0,0.0,0.0,0.0,0.0,5,0.0,Investment,0.22206,180655.56062,51567.439379999996,180655.56062,51567.439379999996,180655.56062,51567.439379999996,180655.56062,51567.439379999996,180658.67238,51568.32762,0.0,0.0,0.0,0.0,0.0,0.0,0.0,0.0,0.0,0.0,0.22,0.52,1,14.62,14.27,72262.5976592,0.0,0,0,0,0,0,0,0,0,812947.222206,180655.56062,180655.56062,180655.56062,180658.67238,0.0,0.0,0.0,0,0,1625894.444412,541966.68186,722622.24248,903277.8031,1083952.03428,0.0,0.0,0.0,0,0,15.0,3.0,4.0,5.0,6.0,0.0,0.0,0.0,0,0,1083938.964888,0.0,0,0,0,0,0,0,0,0,120437.66276533334,0.0,0,0,0,0,0,0,0,0,451634.23390999995,180655.56062,180655.56062,180655.56062,180658.67238,0.0,0.0,0.0,0,0,903268.4678199999,541966.68186,722622.24248,903277.8031,1083952.03428,0.0,0.0,0.0,0,0,15.0,3.0,4.0,5.0,6.0,0.0,0.0,0.0,0,0,1806564.94148,0.0,0,0,0,0,0,0,0,0,1987204.77,2709830.74,3974409.3399999994,3974409.3399999994,4697030.58,4697030.58,5419661.82,5419661.82,7895712.0,7895712.0,,,,,,,,,,,1.0,1.0
65,CE-WULIPAI-SIM,Wulipai State,Wulipai Partner,Industrials,250.0,2025-04-07,0.7,1.8,12.0,22.0,32.0,42.0,52.0,62.0,72.0,82.0,92.0,102.0,1.2,2.2,3.2,4.2,5.2,6.2,7.2,8.2,9.2,10.2,16.0,21.0,26.0,31.0,36.0,41.0,46.0,51.0,56.0,61.0,6.0,11.0,16.0,21.0,1.2,2.2,3.2,4.2,5.2,6.2,7.2,8.2,9.2,10.2,FALSE,10 Year US Treasuries Assumptions,15.0,2.7,0.25,0.0,CE-WULIPAI,113492.0,113492.0,113495.0,0.0,0.0,0.0,0.0,0.0,0.0,3,0.0,Investment,0.356625,73017.9155,40474.0845,73017.9155,40474.0845,73019.845625,40475.154375,0.0,0.0,0.0,0.0,0.0,0.0,0.0,0.0,0.0,0.0,0.0,0.0,0.0,0.0,2.95,1.0,1,14.56,14.56,12048.1104675,0.0,0,0,0,0,0,0,0,0,609698.0503250001,73017.9155,73019.845625,0.0,0.0,0.0,0.0,0.0,0,0,731637.6603900001,160639.41410000002,233663.50600000002,0.0,0.0,0.0,0.0,0.0,0,0,12.0,2.2,3.2,0.0,0.0,0.0,0.0,0.0,0,0,144577.32561,0.0,0,0,0,0,0,0,0,0,20080.184112500003,0.0,0,0,0,0,0,0,0,0,529377.313875,73017.9155,73019.845625,0.0,0.0,0.0,0.0,0.0,0,0,635252.77665,160639.41410000002,233663.50600000002,0.0,0.0,0.0,0.0,0.0,0,0,12.0,2.2,3.2,0.0,0.0,0.0,0.0,0.0,0,0,240962.20935000002,0.0,0,0,0,0,0,0,0,0,436641.7899999999,533026.6699999999,1372728.62,1372728.62,2587682.8,2587682.8,,,,,,,,,,,,,,,1.0,1.0
66,CE-GEERMU-SIM,Geermu State,Geermu Partner,Utilities,200.0,2025-04-07,0.6,1.5,10.0,20.0,30.0,40.0,50.0,60.0,70.0,80.0,90.0,100.0,1.0,2.0,3.0,4.0,5.0,6.0,7.0,8.0,9.0,10.0,15.0,20.0,25.0,30.0,35.0,40.0,45.0,50.0,55.0,60.0,5.0,10.0,15.0,20.0,1.0,2.0,3.0,4.0,5.0,6.0,7.0,8.0,9.0,10.0,TRUE,5 Year US Treasuries Assumptions,15.0,0.12,0.1,0.0,CE-GEERMU,245080.0,245080.0,245080.0,245080.0,245080.0,245081.0,0.0,0.0,0.0,6,0.0,Investment,0.13248,212611.8016,32468.198399999994,212611.8016,32468.198399999994,212611.8016,32468.198399999994,212611.8016,32468.198399999994,212611.8016,32468.198399999994,212612.66912,32468.330879999994,0.0,0.0,0.0,0.0,0.0,0.0,0.0,0.0,0.22,0.595,1,14.48,14.13,133945.59116160002,0.0,0,0,0,0,0,0,0,0,786662.1043839997,212611.8016,212611.8016,212611.8016,212611.8016,212612.66912,0.0,0.0,0,0,786662.1043839997,425223.6032,637835.4048,850447.2064,1063059.008,1275676.01472,0.0,0.0,0,0,9.999999999999998,2.0,3.0,4.0,4.999999999999999,6.0,0.0,0.0,0,0,1339455.911616,0.0,0,0,0,0,0,0,0,0,212611.8016,5315.425168000022,0,0,0,0,0,0,0,0,0.0,2072963.7643199996,212611.8016,212611.8016,212611.8016,212612.66912,0.0,0.0,0,0,0.0,4145927.528639999,637835.4048,850447.2064,1063059.008,1275676.01472,0.0,0.0,0,0,0.0,19.999999999999996,3.0,4.0,4.999999999999999,6.0,0.0,0.0,0,0,2126118.016,106308.50336000044,0,0,0,0,0,0,0,0,2402508.92,3189171.02,3827005.43,106301.50000000047,4677451.64,4677451.64,5527902.84,5527902.84,6378349.05,6378349.05,8332748.0,8332748.0,,,,,,,,,1.0,0.86
67,CE-ZHANGJIAGANG-Sim,Zhangjiagang State,Zhangjiagang Partner,Banks,400.0,2025-04-07,1.2,3.0,20.0,30.0,40.0,50.0,60.0,70.0,80.0,90.0,100.0,110.0,3.0,4.0,5.0,6.0,7.0,8.0,9.0,10.0,11.0,12.0,25.0,30.0,35.0,40.0,45.0,50.0,55.0,60.0,65.0,70.0,15.0,20.0,25.0,30.0,3.0,4.0,5.0,6.0,7.0,8.0,9.0,10.0,11.0,12.0,FALSE,5 Year US Treasuries Assumptions,15.0,0.12,0.1,0.0,CE-ZHANGJIAGANG,1018727.0,1018727.0,1018727.0,1018727.0,0.0,0.0,0.0,0.0,0.0,4,0.0,Investment,0.13335,882879.7545500001,135847.24544999993,882879.7545500001,135847.24544999993,882879.7545500001,135847.24544999993,882879.7545500001,135847.24544999993,0.0,0.0,0.0,0.0,0.0,0.0,0.0,0.0,0.0,0.0,0.0,0.0,0.22,0.735,1,14.57,14.41,238377.53372849998,0.0,0,0,0,0,0,0,0,0,4296681.472143334,882879.7545500001,882879.7545500001,882879.7545500001,0.0,0.0,0.0,0.0,0,0,12890044.416430002,3531519.0182000003,4414398.7727500005,5297278.5273,0.0,0.0,0.0,0.0,0,0,20.0,4.0,5.0,6.0,0.0,0.0,0.0,0.0,0,0,4767550.67457,0.0,0,0,0,0,0,0,0,0,397295.8895475,0.0,0,0,0,0,0,0,0,0,3237225.766683334,882879.7545500001,882879.7545500001,882879.7545500001,0.0,0.0,0.0,0.0,0,0,9711677.300050002,3531519.0182000003,4414398.7727500005,5297278.5273,0.0,0.0,0.0,0.0,0,0,20.0,4.0,5.0,6.0,0.0,0.0,0.0,0.0,0,0,7945917.79095,0.0,0,0,0,0,0,0,0,0,9181931.44,12360298.559999999,22954854.62,22954854.62,26486372.64,26486372.64,34636712.0,34636712.0,,,,,,,,,,,,,1.0,1.0
68,CE-HUGUAN-SIM,Huguan State,Huguan Partner,Transportation,450.0,2025-04-07,1.5,3.5,25.0,35.0,45.0,55.0,65.0,75.0,85.0,95.0,105.0,115.0,4.0,5.0,6.0,7.0,8.0,9.0,10.0,11.0,12.0,13.0,30.0,35.0,40.0,45.0,50.0,55.0,60.0,65.0,70.0,75.0,20.0,25.0,30.0,35.0,4.0,5.0,6.0,7.0,8.0,9.0,10.0,11.0,12.0,13.0,FALSE,10 Year US Treasuries Assumptions,15.0,2.7,0.25,0.0,CE-HUGUAN,60319.0,60319.0,60319.0,60322.0,0.0,0.0,0.0,0.0,0.0,4,0.0,Investment,0.21465,47371.52665,12947.47335,47371.52665,12947.47335,47371.52665,12947.47335,47373.8827,12948.117299999998,0.0,0.0,0.0,0.0,0.0,0.0,0.0,0.0,0.0,0.0,0.0,0.0,2.95,1.0,1,14.41,14.41,12506.280943799999,0.0,0,0,0,0,0,0,0,0,217907.78566375002,47371.52665,47371.52665,47373.8827,0.0,0.0,0.0,0.0,0,0,871631.1426550001,236857.63325,284229.15989999997,331617.1789,0.0,0.0,0.0,0.0,0,0,25.0,5.0,5.999999999999999,7.0,0.0,0.0,0.0,0.0,0,0,312657.023595,0.0,0,0,0,0,0,0,0,0,20843.801573,0.0,0,0,0,0,0,0,0,0,165798.28173125,47371.52665,47371.52665,47373.8827,0.0,0.0,0.0,0.0,0,0,663193.126925,236857.63325,284229.15989999997,331617.1789,0.0,0.0,0.0,0.0,0,0,25.0,5.0,5.999999999999999,7.0,0.0,0.0,0.0,0.0,0,0,521095.039325,0.0,0,0,0,0,0,0,0,0,549490.66,757928.67,1421120.7999999998,1421120.7999999998,1610605.9100000001,1610605.9100000001,2292229.0,2292229.0,,,,,,,,,,,,,1.0,1.0
69,CE-LIANHAI-Sim,Lianhai State,Lianhai Partner,Financials,300.0,2025-04-07,0.8,2.0,15.0,25.0,35.0,45.0,55.0,65.0,75.0,85.0,95.0,105.0,2.0,3.0,4.0,5.0,6.0,7.0,8.0,9.0,10.0,11.0,20.0,25.0,30.0,35.0,40.0,45.0,50.0,55.0,60.0,65.0,10.0,15.0,20.0,25.0,2.0,3.0,4.0,5.0,6.0,7.0,8.0,9.0,10.0,11.0,TRUE,5 Year US Treasuries Assumptions,15.0,0.12,0.1,0.0,CE-LIANHAI,70570.0,70570.0,0.0,0.0,0.0,0.0,0.0,0.0,0.0,2,0.0,Investment,0.1049,63167.207,7402.792999999998,63167.207,7402.792999999998,0.0,0.0,0.0,0.0,0.0,0.0,0.0,0.0,0.0,0.0,0.0,0.0,0.0,0.0,0.0,0.0,0.22,0.36,1,14.89,14.7,6316.720700000001,0.0,0,0,0,0,0,0,0,0,426378.64725,63167.207,0.0,0.0,0.0,0.0,0.0,0.0,0,0,852757.2945,189501.621,0.0,0.0,0.0,0.0,0.0,0.0,0,0,15.0,3.0,0.0,0.0,0.0,0.0,0.0,0.0,0,0,94750.8105,0.0,0,0,0,0,0,0,0,0,10527.867833333334,0.0,0,0,0,0,0,0,0,0,394795.04374999995,63167.207,0.0,0.0,0.0,0.0,0.0,0.0,0,0,789590.0874999999,189501.621,0.0,0.0,0.0,0.0,0.0,0.0,0,0,15.0,3.0,0.0,0.0,0.0,0.0,0.0,0.0,0,0,157918.01750000002,0.0,0,0,0,0,0,0,0,0,410574.84999999986,473742.04999999993,1552537.0,1552537.0,,,,,,,,,,,,,,,,,1.0,1.0
70,CE-YINGE-Sim,Yinge State,Yinge Partner,Industrials,250.0,2025-04-07,0.7,1.8,12.0,22.0,32.0,42.0,52.0,62.0,72.0,82.0,92.0,102.0,1.2,2.2,3.2,4.2,5.2,6.2,7.2,8.2,9.2,10.2,16.0,21.0,26.0,31.0,36.0,41.0,46.0,51.0,56.0,61.0,6.0,11.0,16.0,21.0,1.2,2.2,3.2,4.2,5.2,6.2,7.2,8.2,9.2,10.2,FALSE,10 Year US Treasuries Assumptions,15.0,2.7,0.25,0.0,CE-YINGE,70363.0,70363.0,0.0,0.0,0.0,0.0,0.0,0.0,0.0,2,0.0,Investment,0.1049,62981.9213,7381.078699999998,62981.9213,7381.078699999998,0.0,0.0,0.0,0.0,0.0,0.0,0.0,0.0,0.0,0.0,0.0,0.0,0.0,0.0,0.0,0.0,2.95,1.0,1,14.7,14.7,5353.4633105,0.0,0,0,0,0,0,0,0,0,576284.5798950001,62981.9213,0.0,0.0,0.0,0.0,0.0,0.0,0,0,691541.4958740001,138560.22686000002,0.0,0.0,0.0,0.0,0.0,0.0,0,0,12.000000000000002,2.2,0.0,0.0,0.0,0.0,0.0,0.0,0,0,64241.559726,0.0,0,0,0,0,0,0,0,0,8922.438850833334,0.0,0,0,0,0,0,0,0,0,540594.8244916667,62981.9213,0.0,0.0,0.0,0.0,0.0,0.0,0,0,648713.78939,138560.22686000002,0.0,0.0,0.0,0.0,0.0,0.0,0,0,12.000000000000002,2.2,0.0,0.0,0.0,0.0,0.0,0.0,0,0,107069.26621,0.0,0,0,0,0,0,0,0,0,316162.04000000004,358989.75,1322822.2,1322822.2,,,,,,,,,,,,,,,,,1.0,1.0
71,CE-TIOHUASHAN-Sim,Tiohuashan State,Tiohuashan Partner,Utilities,200.0,2025-04-07,0.6,1.5,10.0,20.0,30.0,40.0,50.0,60.0,70.0,80.0,90.0,100.0,1.0,2.0,3.0,4.0,5.0,6.0,7.0,8.0,9.0,10.0,15.0,20.0,25.0,30.0,35.0,40.0,45.0,50.0,55.0,60.0,5.0,10.0,15.0,20.0,1.0,2.0,3.0,4.0,5.0,6.0,7.0,8.0,9.0,10.0,TRUE,5 Year US Treasuries Assumptions,15.0,0.12,0.1,0.0,CE-TAOHUASHAN,75377.0,75377.0,75377.0,75377.0,75377.0,75379.0,0.0,0.0,0.0,6,0.0,Speculative,0.627879,28049.364617000003,47327.635383,28049.364617000003,47327.635383,28049.364617000003,47327.635383,28049.364617000003,47327.635383,28049.364617000003,47327.635383,28050.108859000004,47328.891141,0.0,0.0,0.0,0.0,0.0,0.0,0.0,0.0,0.22,1.0,1,14.13,14.13,17671.233672270002,0.0,0,0,0,0,0,0,0,0,103781.30944730001,28049.364617000003,28049.364617000003,28049.364617000003,28049.364617000003,28050.108859000004,0.0,0.0,0,0,103781.30944730001,56098.729234000006,84148.09385100001,112197.45846800001,140246.823085,168300.65315400003,0.0,0.0,0,0,10.0,2.0,3.0,4.0,5.0,6.0,0.0,0.0,0,0,176712.3367227,0.0,0,0,0,0,0,0,0,0,28049.364617000003,701.3457517250005,0,0,0,0,0,0,0,0,0.0,273480.18865275,28049.364617000003,28049.364617000003,28049.364617000003,28050.108859000004,0.0,0.0,0,0,0.0,546960.3773055,84148.09385100001,112197.45846800001,140246.823085,168300.65315400003,0.0,0.0,0,0,0.0,19.999999999999996,3.0,4.0,5.0,6.0,0.0,0.0,0,0,280493.64617,14026.915034500009,0,0,0,0,0,0,0,0,316953.16,420734.47,504881.56000000006,14019.910000000033,617078.03,617078.03,729279.48,729279.48,841475.94,841475.94,2562880.0,2562880.0,,,,,,,,,1.0,0.94
72,CE-SHUANGKOU-SIM,Shuangkou State,Shuangkou Partner,Banks,400.0,2025-04-07,1.2,3.0,20.0,30.0,40.0,50.0,60.0,70.0,80.0,90.0,100.0,110.0,3.0,4.0,5.0,6.0,7.0,8.0,9.0,10.0,11.0,12.0,25.0,30.0,35.0,40.0,45.0,50.0,55.0,60.0,65.0,70.0,15.0,20.0,25.0,30.0,3.0,4.0,5.0,6.0,7.0,8.0,9.0,10.0,11.0,12.0,FALSE,10 Year US Treasuries Assumptions,15.0,2.7,0.25,0.0,CE-SHUANGKOU,113504.0,113504.0,113504.0,113504.0,113505.0,0.0,0.0,0.0,0.0,5,0.0,Speculative,0.730748,30561.179008000006,82942.820992,30561.179008000006,82942.820992,30561.179008000006,82942.820992,30561.179008000006,82942.820992,30561.448260000005,82943.55174,0.0,0.0,0.0,0.0,0.0,0.0,0.0,0.0,0.0,0.0,2.95,1.0,1,14.27,14.27,11460.470399460002,0.0,0,0,0,0,0,0,0,0,127338.05739026668,30561.179008000006,30561.179008000006,30561.179008000006,30561.448260000005,0.0,0.0,0.0,0,0,382014.17217080004,122244.71603200003,152805.89504000003,183367.07404800004,213930.13782000003,0.0,0.0,0.0,0,0,20.0,4.0,5.0,6.0,7.0,0.0,0.0,0.0,0,0,229209.40798920006,0.0,0,0,0,0,0,0,0,0,19100.783999100004,0.0,0,0,0,0,0,0,0,0,76402.63339266668,30561.179008000006,30561.179008000006,30561.179008000006,30561.448260000005,0.0,0.0,0.0,0,0,229207.90017800004,122244.71603200003,152805.89504000003,183367.07404800004,213930.13782000003,0.0,0.0,0.0,0,0,20.0,4.0,5.0,6.0,7.0,0.0,0.0,0.0,0,0,382015.6799820001,0.0,0,0,0,0,0,0,0,0,381997.31,534803.58,794571.65,794571.65,916815.37,916815.37,1039074.0899999999,1039074.0899999999,4313183.0,4313183.0,,,,,,,,,,,1.0,1.0
73,CE-ANHUI-SIM,Anhui State,Anhui Partner,Transportation,450.0,2025-04-07,1.5,3.5,25.0,35.0,45.0,55.0,65.0,75.0,85.0,95.0,105.0,115.0,4.0,5.0,6.0,7.0,8.0,9.0,10.0,11.0,12.0,13.0,30.0,35.0,40.0,45.0,50.0,55.0,60.0,65.0,70.0,75.0,20.0,25.0,30.0,35.0,4.0,5.0,6.0,7.0,8.0,9.0,10.0,11.0,12.0,13.0,FALSE,5 Year US Treasuries Assumptions,15.0,0.12,0.1,0.0,CE-ANHUI,36357.0,36357.0,36357.0,36357.0,0.0,0.0,0.0,0.0,0.0,4,0.0,Speculative,0.77305,8251.22115,28105.778850000002,8251.22115,28105.778850000002,8251.22115,28105.778850000002,8251.22115,28105.778850000002,0.0,0.0,0.0,0.0,0.0,0.0,0.0,0.0,0.0,0.0,0.0,0.0,0.22,1.0,1,14.41,14.41,2178.3223835999997,0.0,0,0,0,0,0,0,0,0,37955.61729,8251.22115,8251.22115,8251.22115,0.0,0.0,0.0,0.0,0,0,151822.46916,41256.105749999995,49507.3269,57758.54805,0.0,0.0,0.0,0.0,0,0,25.0,5.0,6.0,7.0,0.0,0.0,0.0,0.0,0,0,54458.05959,0.0,0,0,0,0,0,0,0,0,3630.537306,0.0,0,0,0,0,0,0,0,0,28879.274025,8251.22115,8251.22115,8251.22115,0.0,0.0,0.0,0.0,0,0,115517.0961,41256.105749999995,49507.3269,57758.54805,0.0,0.0,0.0,0.0,0,0,25.0,5.0,6.0,7.0,0.0,0.0,0.0,0.0,0,0,90763.43265,0.0,0,0,0,0,0,0,0,0,95690.16,131995.53,247511.63,247511.63,280515.51999999996,280515.51999999996,1381559.0,1381559.0,,,,,,,,,,,,,1.0,1.0
74,CE-FENGRUN-Sim,Fengrun State,Fengrun Partner,Financials,300.0,2025-04-07,0.8,2.0,15.0,25.0,35.0,45.0,55.0,65.0,75.0,85.0,95.0,105.0,2.0,3.0,4.0,5.0,6.0,7.0,8.0,9.0,10.0,11.0,20.0,25.0,30.0,35.0,40.0,45.0,50.0,55.0,60.0,65.0,10.0,15.0,20.0,25.0,2.0,3.0,4.0,5.0,6.0,7.0,8.0,9.0,10.0,11.0,TRUE,10 Year US Treasuries Assumptions,15.0,2.7,0.25,0.0,CE-FENGRUN,288671.0,288672.0,0.0,0.0,0.0,0.0,0.0,0.0,0.0,2,0.0,Speculative,0.463,155016.327,133654.673,155016.86399999997,133655.13600000003,0.0,0.0,0.0,0.0,0.0,0.0,0.0,0.0,0.0,0.0,0.0,0.0,0.0,0.0,0.0,0.0,2.95,1.0,1,14.7,14.7,15501.66492,0.0,0,0,0,0,0,0,0,0,1046359.9655999999,155016.86399999997,0.0,0.0,0.0,0.0,0.0,0.0,0,0,2092719.9311999998,465050.59199999995,0.0,0.0,0.0,0.0,0.0,0.0,0,0,15.0,3.0,0.0,0.0,0.0,0.0,0.0,0.0,0,0,232524.97379999998,0.0,0,0,0,0,0,0,0,0,25836.1082,0.0,0,0,0,0,0,0,0,0,968851.641,155016.86399999997,0.0,0.0,0.0,0.0,0.0,0.0,0,0,1937703.282,465050.59199999995,0.0,0.0,0.0,0.0,0.0,0.0,0,0,15.0,3.0,0.0,0.0,0.0,0.0,0.0,0.0,0,0,387541.62299999996,0.0,0,0,0,0,0,0,0,0,1007594.6100000001,1162611.26,6350781.0,6350781.0,,,,,,,,,,,,,,,,,1.0,1.0
75,TestProject2,Test State 2,Test Partner 2,Industrials,250.0,2025-04-07,0.7,1.8,12.0,22.0,32.0,42.0,52.0,62.0,72.0,82.0,92.0,102.0,1.2,2.2,3.2,4.2,5.2,6.2,7.2,8.2,9.2,10.2,16.0,21.0,26.0,31.0,36.0,41.0,46.0,51.0,56.0,61.0,6.0,11.0,16.0,21.0,1.2,2.2,3.2,4.2,5.2,6.2,7.2,8.2,9.2,10.2,FALSE,5 Year US Treasuries Assumptions,15.0,0.12,0.1,0.0,TP2,19999.0,19999.0,19999.0,19999.0,0.0,0.0,0.0,0.0,0.0,4,0.0,Speculative,0.59337,8132.193370000001,11866.80663,8132.193370000001,11866.80663,8132.193370000001,11866.80663,8132.193370000001,11866.80663,0.0,0.0,0.0,0.0,0.0,0.0,0.0,0.0,0.0,0.0,0.0,0.0,0.22,1.0,1,14.41,14.41,2195.6922099000003,0.0,0,0,0,0,0,0,0,0,59365.011601000006,8132.193370000001,8132.193370000001,8132.193370000001,0.0,0.0,0.0,0.0,0,0,71238.0139212,17890.825414000003,26023.018784000004,34155.21215400001,0.0,0.0,0.0,0.0,0,0,12.0,2.2,3.2,4.2,0.0,0.0,0.0,0.0,0,0,26348.306518800004,0.0,0,0,0,0,0,0,0,0,3659.4870165000007,0.0,0,0,0,0,0,0,0,0,44727.06353500001,8132.193370000001,8132.193370000001,8132.193370000001,0.0,0.0,0.0,0.0,0,0,53672.476242000004,17890.825414000003,26023.018784000004,34155.21215400001,0.0,0.0,0.0,0.0,0,0,12.0,2.2,3.2,4.2,0.0,0.0,0.0,0.0,0,0,43913.844198000006,0.0,0,0,0,0,0,0,0,0,58869.87999999999,76435.41,152877.03,152877.03,185404.81,185404.81,535969.0,535969.0,,,,,,,,,,,,,1.0,1.0
76,TestProject3,Test State 3,Test Partner 3,Utilities,200.0,2025-04-07,0.6,1.5,10.0,20.0,30.0,40.0,50.0,60.0,70.0,80.0,90.0,100.0,1.0,2.0,3.0,4.0,5.0,6.0,7.0,8.0,9.0,10.0,15.0,20.0,25.0,30.0,35.0,40.0,45.0,50.0,55.0,60.0,5.0,10.0,15.0,20.0,1.0,2.0,3.0,4.0,5.0,6.0,7.0,8.0,9.0,10.0,TRUE,10 Year US Treasuries Assumptions,15.0,2.7,0.25,0.0,TP3,5000.0,5000.0,5000.0,5000.0,0.0,0.0,0.0,0.0,0.0,4,0.0,Investment,0.0135,4932.5,67.5,4932.5,67.5,4932.5,67.5,4932.5,67.5,0.0,0.0,0.0,0.0,0.0,0.0,0.0,0.0,0.0,0.0,0.0,0.0,2.95,1.0,1,14.41,14.41,1479.75,0.0,0,0,0,0,0,0,0,0,34527.5,4932.5,4932.5,4932.5,0.0,0.0,0.0,0.0,0,0,34527.5,9865.0,14797.5,19730.0,0.0,0.0,0.0,0.0,0,0,10.0,2.0,3.0,4.0,0.0,0.0,0.0,0.0,0,0,14797.5,0.0,0,0,0,0,0,0,0,0,2466.25,0.0,0,0,0,0,0,0,0,0,24662.5,4932.5,4932.5,4932.5,0.0,0.0,0.0,0.0,0,0,24662.5,9865.0,14797.5,19730.0,0.0,0.0,0.0,0.0,0,0,10.0,2.0,3.0,4.0,0.0,0.0,0.0,0.0,0,0,24662.5,0.0,0,0,0,0,0,0,0,0,39454.0,49319.0,88778.0,88778.0,108507.0,108507.0,129996.0,129996.0,,,,,,,,,,,,,1.0,1.0
77,TestProj3-Sim2,Sim State 3,Sim Partner 3,Banks,400.0,2025-04-07,1.2,3.0,20.0,30.0,40.0,50.0,60.0,70.0,80.0,90.0,100.0,110.0,3.0,4.0,5.0,6.0,7.0,8.0,9.0,10.0,11.0,12.0,25.0,30.0,35.0,40.0,45.0,50.0,55.0,60.0,65.0,70.0,15.0,20.0,25.0,30.0,3.0,4.0,5.0,6.0,7.0,8.0,9.0,10.0,11.0,12.0,FALSE,5 Year US Treasuries Assumptions,15.0,0.12,0.1,0.0,TP3,10000.0,10000.0,10000.0,10000.0,0.0,0.0,0.0,0.0,0.0,4,0.0,Speculative,0.6318,3681.9999999999995,6318.0,3681.9999999999995,6318.0,3681.9999999999995,6318.0,3681.9999999999995,6318.0,0.0,0.0,0.0,0.0,0.0,0.0,0.0,0.0,0.0,0.0,0.0,0.0,0.22,1.0,1,14.41,14.41,994.1399999999998,0.0,0,0,0,0,0,0,0,0,17919.066666666662,3681.9999999999995,3681.9999999999995,3681.9999999999995,0.0,0.0,0.0,0.0,0,0,53757.19999999999,14727.999999999998,18409.999999999996,22091.999999999996,0.0,0.0,0.0,0.0,0,0,20.0,4.0,5.0,6.0,0.0,0.0,0.0,0.0,0,0,19882.799999999996,0.0,0,0,0,0,0,0,0,0,1656.8999999999996,0.0,0,0,0,0,0,0,0,0,13500.666666666664,3681.9999999999995,3681.9999999999995,3681.9999999999995,0.0,0.0,0.0,0.0,0,0,40501.99999999999,14727.999999999998,18409.999999999996,22091.999999999996,0.0,0.0,0.0,0.0,0,0,20.0,4.0,5.0,6.0,0.0,0.0,0.0,0.0,0,0,33137.99999999999,0.0,0,0,0,0,0,0,0,0,38274.8,51530.0,95713.0,95713.0,110440.0,110440.0,339994.0,339994.0,,,,,,,,,,,,,1.0,1.0
